id,project,goal_id,kind,document_key,version,status,is_latest,path_class,public_path,path_sha256,file_exists,file_sha256,size_bytes,too_large,secret_detected,key_row_count,key_active_count,superseded_or_archived,canonical_kind_version_exists,canonical_exact_match,canonical_hash_match,legacy_linked,verdict,reason
1,GO100,250a271f-1449-46d7-9a86-116c667aa7aa,plan,plan:ee8f286dd60f,1.0.0,active,true,server_absolute,,ad02b0270cd08a14deeb450bd1348b13214abbfd5bb6552b2a6a0c58bf8d8e62,n/a,,,n/a,n/a,1,1,false,false,n/a,n/a,false,path_not_allowed,path class server_absolute: canonical accepts only public docs/ or reports/ paths
2,GO100,250a271f-1449-46d7-9a86-116c667aa7aa,prd,prd:c6eb21ad9afc,1.0.0,active,true,server_absolute,,814b5ac3dbc8b8f69337c9d55bd65c087ebdbde8d7f9dcd4d930d9a2c46046f6,n/a,,,n/a,n/a,1,1,false,false,n/a,n/a,false,path_not_allowed,path class server_absolute: canonical accepts only public docs/ or reports/ paths
3,GO100,250a271f-1449-46d7-9a86-116c667aa7aa,reference,reference:b2006855b737,1.0.0,active,true,server_absolute,,f45214e3de72e514e56058819d490a2701cdb2f952332eb7f28acdc161ffa75b,n/a,,,n/a,n/a,1,1,false,false,n/a,n/a,false,path_not_allowed,path class server_absolute: canonical accepts only public docs/ or reports/ paths
4,GO100,2c9c3c47-39f3-4448-a92e-c9bba68009df,reference,reference:3a6482c273f8,1.0.0,active,true,server_absolute,,16ab3984807a6b220aa6b5dbaa2c29c75799b8dff1b35f205ef572a25d06e207,n/a,,,n/a,n/a,1,1,false,false,n/a,n/a,false,path_not_allowed,path class server_absolute: canonical accepts only public docs/ or reports/ paths
5,GO100,2c9c3c47-39f3-4448-a92e-c9bba68009df,reference,reference:e0fc7d283e40,1.0.0,active,true,server_absolute,,744f70d8b1e4043fb5ae2774a2d23bce33759b707caf8dabc8257022b546e8a0,n/a,,,n/a,n/a,1,1,false,false,n/a,n/a,false,path_not_allowed,path class server_absolute: canonical accepts only public docs/ or reports/ paths
6,GO100,2c9c3c47-39f3-4448-a92e-c9bba68009df,plan,plan:20d5e9c44b6e,1.0.0,active,true,server_absolute,,c465e61e256bc610605efdcd6368b4d2fbd8613f87385798e6d8767721db7577,n/a,,,n/a,n/a,1,1,false,false,n/a,n/a,false,path_not_allowed,path class server_absolute: canonical accepts only public docs/ or reports/ paths
7,GO100,2c9c3c47-39f3-4448-a92e-c9bba68009df,prd,prd:b1191b2eec7d,1.0.0,active,true,server_absolute,,45333185aee7a68a0056ac85bd8b559ef33a9a07426aed8393a1e66a3d13634f,n/a,,,n/a,n/a,1,1,false,false,n/a,n/a,false,path_not_allowed,path class server_absolute: canonical accepts only public docs/ or reports/ paths
8,GO100,2c9c3c47-39f3-4448-a92e-c9bba68009df,reference,reference:00d22ac8d44d,1.0.0,active,true,server_absolute,,c16ee4c030c81ff2bd32ae17e4e2c048051cbf98f1b4be56771635cc37c63e19,n/a,,,n/a,n/a,1,1,false,false,n/a,n/a,false,path_not_allowed,path class server_absolute: canonical accepts only public docs/ or reports/ paths
11,FOOD,f00d0916-0916-4a01-9a01-000000000001,prd,prd:40a9e2b0b3fa,1.0.0,active,true,server_absolute,,c8daae02deda811e1a602558381b008bd740b200cf44c8f3584ba4273200c5d9,n/a,,,n/a,n/a,1,1,false,false,n/a,n/a,false,path_not_allowed,path class server_absolute: canonical accepts only public docs/ or reports/ paths
12,FOOD,f00d0916-0916-4a01-9a01-000000000001,prd,prd:07605f41b2d3,1.0.0,active,true,server_absolute,,8b8c6a50534245ecf7e5dad85ebc7c563f43d8bb0e2a1c8d6e3702232b0e6474,n/a,,,n/a,n/a,1,1,false,false,n/a,n/a,false,path_not_allowed,path class server_absolute: canonical accepts only public docs/ or reports/ paths
13,NTV2,c0a11000-0917-4000-8000-000000000001,plan,plan:fce38406f617,1.0.0,active,true,server_absolute,,cad8392d3945fd52bd0832ed57e81aecf3e398ecf0b3e0f9cb515bca0a006904,n/a,,,n/a,n/a,1,1,false,false,n/a,n/a,false,path_not_allowed,path class server_absolute: canonical accepts only public docs/ or reports/ paths
14,GO100,7a0e0918-0918-4d01-9c01-000000000001,architecture,architecture:4285f5e452e1,1.0.0,active,true,server_absolute,,9c8637028271530ae4606d5e5abe432d49be6b4bc373247798ffb7857fcf9cba,n/a,,,n/a,n/a,1,1,false,false,n/a,n/a,false,path_not_allowed,path class server_absolute: canonical accepts only public docs/ or reports/ paths
15,GO100,7a0e0918-0918-4d01-9c01-000000000001,prd,prd:b92c03d8eebe,1.0.0,active,true,server_absolute,,1aec369b07cb561c916ea25042bac0b5da962775e10c46af08f7e047ad72b675,n/a,,,n/a,n/a,1,1,false,false,n/a,n/a,false,path_not_allowed,path class server_absolute: canonical accepts only public docs/ or reports/ paths
16,GO100,7a0e0918-0918-4d01-9c01-000000000001,prd,prd:e3418e8e10f1,1.0.0,active,true,server_absolute,,aa08ed2cfcf55395b9ef2155472501915f319b86f3ed6e9a7e394e89cec917b9,n/a,,,n/a,n/a,1,1,false,false,n/a,n/a,false,path_not_allowed,path class server_absolute: canonical accepts only public docs/ or reports/ paths
17,GO100,7a0e0918-0918-4d01-9c01-000000000001,reference,reference:e6a970556d97,1.0.0,active,true,server_absolute,,8a10bf14bfeecc5f15250de7c4fd9593fb27207cb8e6ac2cf2341ee52a67ea5d,n/a,,,n/a,n/a,1,1,false,false,n/a,n/a,false,path_not_allowed,path class server_absolute: canonical accepts only public docs/ or reports/ paths
19,GO100,da7a0918-0918-4da7-9a18-000000000001,architecture,architecture:38c40f18646d,1.0.0,active,true,server_absolute,,1ae258d4246856e6a7286d6487fafca1b1ca43d883678d24b6106366af3c834c,n/a,,,n/a,n/a,1,1,false,false,n/a,n/a,false,path_not_allowed,path class server_absolute: canonical accepts only public docs/ or reports/ paths
20,GO100,da7a0918-0918-4da7-9a18-000000000001,architecture,architecture:cdecbfe38f2d,1.0.0,active,true,server_absolute,,18632ecaa0683390d3aa52dbd3ee5b21a6e76be9944f9e323b9797db459b10ae,n/a,,,n/a,n/a,1,1,false,false,n/a,n/a,false,path_not_allowed,path class server_absolute: canonical accepts only public docs/ or reports/ paths
21,GO100,da7a0918-0918-4da7-9a18-000000000001,prd,prd:f602b4d2645c,1.0.0,active,true,server_absolute,,f93a021c047769a8ca7827f0159ca28f87dc2f2ee8549b4148f17f7c193fcde3,n/a,,,n/a,n/a,1,1,false,false,n/a,n/a,false,path_not_allowed,path class server_absolute: canonical accepts only public docs/ or reports/ paths
22,GO100,da7a0918-0918-4da7-9a18-000000000001,prd,prd:ee0cc339a9c3,1.0.0,active,true,server_absolute,,5034a2ff49ee3d7f62f47cd2548c043534bee4ed98e3bb04d78497959e27ce9f,n/a,,,n/a,n/a,1,1,false,false,n/a,n/a,false,path_not_allowed,path class server_absolute: canonical accepts only public docs/ or reports/ paths
23,GO100,da7a0918-0918-4da7-9a18-000000000001,prd,prd:ca2756af52ba,1.0.0,active,true,server_absolute,,960de5f224149b055a23fd83170991e23f91dcbfc5ce014a92cf34207c0faec9,n/a,,,n/a,n/a,1,1,false,false,n/a,n/a,false,path_not_allowed,path class server_absolute: canonical accepts only public docs/ or reports/ paths
24,GO100,da7a0918-0918-4da7-9a18-000000000001,reference,reference:5a1d96240e42,1.0.0,active,true,server_absolute,,8d86eff64c693190f1d0f1f85846f0cb48aff8792eaee799710cf4dc21b87739,n/a,,,n/a,n/a,1,1,false,false,n/a,n/a,false,path_not_allowed,path class server_absolute: canonical accepts only public docs/ or reports/ paths
25,GO100,da7a0918-0918-4da7-9a18-000000000001,reference,reference:b84a9f0b5427,1.0.0,active,true,server_absolute,,9f5a179aa3aab3e05baa6409ec1106140f80ff2a4a382ea23d8451988b8a3774,n/a,,,n/a,n/a,1,1,false,false,n/a,n/a,false,path_not_allowed,path class server_absolute: canonical accepts only public docs/ or reports/ paths
26,GO100,36da9794-0adc-46ca-a235-006eb5d0087b,prd,prd:b0fb989cdfd7,1.0.0,active,true,server_absolute,,3d3239af5698e5960da44a6c2b913bd777be80c047ec0097f2ddd4d5901bf8d4,n/a,,,n/a,n/a,1,1,false,false,n/a,n/a,false,path_not_allowed,path class server_absolute: canonical accepts only public docs/ or reports/ paths
27,GO100,36da9794-0adc-46ca-a235-006eb5d0087b,reference,reference:b7c19e7aa0b8,1.0.0,active,true,server_absolute,,3d0a4d7a3dc8f5ce302fce482292b64b7dcb77aca15595e1f4d39b4537e942cb,n/a,,,n/a,n/a,1,1,false,false,n/a,n/a,false,path_not_allowed,path class server_absolute: canonical accepts only public docs/ or reports/ paths
28,GO100,36da9794-0adc-46ca-a235-006eb5d0087b,prd,prd:cbcbf2ed61f8,1.0.0,active,true,server_absolute,,957b7e6ca218c8fd5761c5fbde5791e23d211d4626e46bcaf222de382bc82bda,n/a,,,n/a,n/a,1,1,false,false,n/a,n/a,false,path_not_allowed,path class server_absolute: canonical accepts only public docs/ or reports/ paths
29,GO100,36da9794-0adc-46ca-a235-006eb5d0087b,prd,prd:e8c5bfe633a0,1.0.0,active,true,server_absolute,,b88eacd2e7150d479220acccad707e0e3b572493896526feeee99bd80450061c,n/a,,,n/a,n/a,1,1,false,false,n/a,n/a,false,path_not_allowed,path class server_absolute: canonical accepts only public docs/ or reports/ paths
30,GO100,36da9794-0adc-46ca-a235-006eb5d0087b,plan,plan:b007ebd4a290,1.0.0,active,true,server_absolute,,4a82b6c1d1bf212fc0dd8034e8afdf19243ba27ef9b995c9aba7b3458b746ac8,n/a,,,n/a,n/a,1,1,false,false,n/a,n/a,false,path_not_allowed,path class server_absolute: canonical accepts only public docs/ or reports/ paths
31,GO100,36da9794-0adc-46ca-a235-006eb5d0087b,plan,plan:98658d3d6839,1.0.0,active,true,server_absolute,,d18ad8369a9986e593f8afb8eba5b09856a80c21151673cd7b07902c5674fe1b,n/a,,,n/a,n/a,1,1,false,false,n/a,n/a,false,path_not_allowed,path class server_absolute: canonical accepts only public docs/ or reports/ paths
32,GO100,36da9794-0adc-46ca-a235-006eb5d0087b,reference,reference:3fe9f774fb1a,1.0.0,active,true,server_absolute,,d4e982d23d849a5be3accd9261b7a64743239cdc938a382e71639a839ed8cb79,n/a,,,n/a,n/a,1,1,false,false,n/a,n/a,false,path_not_allowed,path class server_absolute: canonical accepts only public docs/ or reports/ paths
33,GO100,36da9794-0adc-46ca-a235-006eb5d0087b,reference,reference:272d10c31b18,1.0.0,active,true,server_absolute,,a9a92735ed3f6af1d2cd9bf59282a7ff87aa892cc6614eba85904fc5a92eee15,n/a,,,n/a,n/a,1,1,false,false,n/a,n/a,false,path_not_allowed,path class server_absolute: canonical accepts only public docs/ or reports/ paths
34,GO100,36da9794-0adc-46ca-a235-006eb5d0087b,reference,reference:026ca53d6906,1.0.0,active,true,server_absolute,,3e09f562375e3fe92c7ae2d5224e810d16f6a0d043b11e16a36c20a80534026b,n/a,,,n/a,n/a,1,1,false,false,n/a,n/a,false,path_not_allowed,path class server_absolute: canonical accepts only public docs/ or reports/ paths
35,GO100,36da9794-0adc-46ca-a235-006eb5d0087b,reference,reference:9d0d0e34558f,1.0.0,active,true,server_absolute,,a5c84658d887b01d519248668978c632f7a5fdc3d33ab4e9d0181b7c349ca836,n/a,,,n/a,n/a,1,1,false,false,n/a,n/a,false,path_not_allowed,path class server_absolute: canonical accepts only public docs/ or reports/ paths
36,GO100,36da9794-0adc-46ca-a235-006eb5d0087b,reference,reference:96c9fd983fec,1.0.0,active,true,server_absolute,,67ad2400802c1a6bcc92fff3314987a0477653dedce3e64a4f7742b388647aef,n/a,,,n/a,n/a,1,1,false,false,n/a,n/a,false,path_not_allowed,path class server_absolute: canonical accepts only public docs/ or reports/ paths
37,GO100,36da9794-0adc-46ca-a235-006eb5d0087b,reference,reference:52b6e4ae4ea6,1.0.0,active,true,server_absolute,,0e817a4c73979128154d0055157b4c85514429cfc93e6e828c54e5ffdef175c3,n/a,,,n/a,n/a,1,1,false,false,n/a,n/a,false,path_not_allowed,path class server_absolute: canonical accepts only public docs/ or reports/ paths
38,AADS,cf1ec2f6-0072-4f85-aa5e-b08760cd6613,plan,plan:2d4897954ab7,1.0.0,active,true,docs_relative,docs/plans/20260919_GOAL_GOVERNANCE_WORK_HIERARCHY_기획서.md,12af5f383195dd47df5690cb661cf3a66b55bfac61d277e1d724d9039c992e62,true,bcbe5b017557f750f5c3e45775291e08c919bfa9e78b14fec5fcd50df05d0091,19083,false,false,1,1,false,false,false,false,false,needs_canonical_import,file ok; no canonical revision for this kind/version
39,AADS,cf1ec2f6-0072-4f85-aa5e-b08760cd6613,plan,plan:dc885b6fd98e,1.0.0,active,true,docs_relative,docs/plans/20260919_GOAL_EPIC_STORY_TASK_기획서.md,3e964d568de259ac52941a847903a62c5ff96a791b1cf5f84b3bb320d9aa0e18,true,4f4df5b18e747d41b081e43308ea67ca6d601f2b3d90607a1509433af25b90ef,16745,false,false,1,1,false,false,false,false,false,needs_canonical_import,file ok; no canonical revision for this kind/version
40,AADS,cf1ec2f6-0072-4f85-aa5e-b08760cd6613,prd,prd:43a3432a690c,1.0.0,active,true,docs_relative,docs/prd/20260919_GOAL_WORK_HIERARCHY_APPROVAL_PRD.md,7724bae57ac5518b4cda055a3d8dd6b697a42c71730aea8fbc10e49c31104d6b,true,9da6f8f3ce7b0905c9ad5a168a3adea36d304905048a30d9cd2eab499de75e66,46580,false,false,1,1,false,true,false,false,false,needs_canonical_import,"same kind/version revision exists, but path and hash differ (kind/version match only, not proof of same document)"
41,GO100,40cfdfc5-06f9-4861-8dc9-27c8688cb3f7,report,report:b54c2606447a,1.0.0,active,true,server_absolute,,2f79ee8dda88b8cac094b1b170d3e717b07d0a1437691713a0e447bbd888108f,n/a,,,n/a,n/a,1,1,false,true,n/a,n/a,false,path_not_allowed,path class server_absolute: canonical accepts only public docs/ or reports/ paths
42,GO100,40cfdfc5-06f9-4861-8dc9-27c8688cb3f7,report,report:3b0f4495e598,1.0.0,active,true,server_absolute,,32c95e4350ea25de1932e020ff940fe6b8629e8bc8f33e3a6f6af66c905ea5b2,n/a,,,n/a,n/a,1,1,false,true,n/a,n/a,false,path_not_allowed,path class server_absolute: canonical accepts only public docs/ or reports/ paths
43,GO100,40cfdfc5-06f9-4861-8dc9-27c8688cb3f7,reference,reference:4d76d7b744d0,1.0.0,active,true,server_absolute,,a9858ac0e3c6fb076143b4969f79c7fed675b0a953a8931dd0ca283a7d794efd,n/a,,,n/a,n/a,1,1,false,false,n/a,n/a,false,path_not_allowed,path class server_absolute: canonical accepts only public docs/ or reports/ paths
44,GO100,40cfdfc5-06f9-4861-8dc9-27c8688cb3f7,reference,reference:ab44e1b5bec7,1.0.0,active,true,server_absolute,,cc614031423926dbcf34546d54f877297cc11262f19a5f367f8d6d14f4fbbbeb,n/a,,,n/a,n/a,1,1,false,false,n/a,n/a,false,path_not_allowed,path class server_absolute: canonical accepts only public docs/ or reports/ paths
45,GO100,40cfdfc5-06f9-4861-8dc9-27c8688cb3f7,reference,reference:1f8208b701ae,1.0.0,active,true,server_absolute,,b5f4a26510a0155a6db675cc31467c33bb960a0f88e85fc731259cf408c53d5b,n/a,,,n/a,n/a,1,1,false,false,n/a,n/a,false,path_not_allowed,path class server_absolute: canonical accepts only public docs/ or reports/ paths
46,AADS,169e5328-244e-444d-95c8-d20377192671,prd,prd:smart-browser-channel-trust-addendum,1.1.0,active,true,docs_relative,docs/plans/20260919_OVIS_CHANNEL_TRUST_SKILL_ADDENDUM.md,a406d65b78633078ed66762c58a12869e020925bcac0e815b750bcb3a8d1b825,true,6e1cc8d4bc7729bf0e9df24c498e6233c31a1cc4309b951cb840ed57da979e47,8875,false,false,1,1,false,false,false,false,false,needs_canonical_import,file ok; no canonical revision for this kind/version
47,AADS,169e5328-244e-444d-95c8-d20377192671,architecture,architecture:smart-browser-execution-learning-security,2.0.0,active,true,docs_relative,docs/plans/AADS-SMART-BROWSER-PC-APP-PLAN-20260919.md,1d1c2604245e07b658cb79858ec46ad62b349198a3595ca99f072f2a47d497e5,true,1b8607747a11476d6664585d43bf454e0d5eb96651be0c884788bd04816858b5,15686,false,false,1,1,false,false,false,false,false,needs_canonical_import,file ok; no canonical revision for this kind/version
48,GO100,40cfdfc5-06f9-4861-8dc9-27c8688cb3f7,plan,plan:95904419d6de,1.0.0,archived,false,server_absolute,,d1b84c26a7dd9d35a6ce77ac82c3e284c5e89b705d1fdb9884aeddf73f7d2357,n/a,,,n/a,n/a,1,0,true,false,n/a,n/a,false,superseded,status=archived is_latest=false
49,GO100,40cfdfc5-06f9-4861-8dc9-27c8688cb3f7,reference,reference:4e336509a486,1.0.0,archived,false,server_absolute,,3ba676a89b5331e05b21110e6cdf636a46e0f9fdd9bab25fbd6a53910d7b06e3,n/a,,,n/a,n/a,1,0,true,false,n/a,n/a,false,superseded,status=archived is_latest=false
50,GO100,40cfdfc5-06f9-4861-8dc9-27c8688cb3f7,prd,prd:97341de3bcb5,1.0.0,archived,false,server_absolute,,d0b83371bd7e5b61aa9d59a568fa5eb799a730272d1c1aa88f7555dd22b127a4,n/a,,,n/a,n/a,1,0,true,false,n/a,n/a,false,superseded,status=archived is_latest=false
51,AADS,a49c1000-aa91-4c11-9c21-aa9c1a690001,plan,plan:95904419d6de,1.0.0,active,true,server_absolute,,d1b84c26a7dd9d35a6ce77ac82c3e284c5e89b705d1fdb9884aeddf73f7d2357,n/a,,,n/a,n/a,1,1,false,false,n/a,n/a,false,path_not_allowed,path class server_absolute: canonical accepts only public docs/ or reports/ paths
52,AADS,a49c1000-aa91-4c11-9c21-aa9c1a690001,reference,reference:4e336509a486,1.0.0,active,true,server_absolute,,3ba676a89b5331e05b21110e6cdf636a46e0f9fdd9bab25fbd6a53910d7b06e3,n/a,,,n/a,n/a,1,1,false,false,n/a,n/a,false,path_not_allowed,path class server_absolute: canonical accepts only public docs/ or reports/ paths
53,AADS,a49c1000-aa91-4c11-9c21-aa9c1a690001,prd,prd:97341de3bcb5,1.0.0,active,true,server_absolute,,d0b83371bd7e5b61aa9d59a568fa5eb799a730272d1c1aa88f7555dd22b127a4,n/a,,,n/a,n/a,1,1,false,true,n/a,n/a,false,path_not_allowed,path class server_absolute: canonical accepts only public docs/ or reports/ paths
54,AADS,169e5328-244e-444d-95c8-d20377192671,plan,plan:smart-browser-product,2.0.0,active,true,app_static,,9caad38ac62c106965e9c143945c1ebd3a7599d0cc73fdeb0b31345640fde202,n/a,,,n/a,n/a,1,1,false,false,n/a,n/a,false,path_not_allowed,path class app_static: canonical accepts only public docs/ or reports/ paths
55,AADS,169e5328-244e-444d-95c8-d20377192671,design,design:smart-browser-system,2.0.0,active,true,app_static,,416d93bbe8c3bd2c0b3de7c63165b92ed94422844a059507596e194f7927fd17,n/a,,,n/a,n/a,1,1,false,false,n/a,n/a,false,path_not_allowed,path class app_static: canonical accepts only public docs/ or reports/ paths
56,AADS,169e5328-244e-444d-95c8-d20377192671,prd,prd:smart-browser-product,2.0.0,active,true,app_static,,f96c680c99f848593cbc62e4cc009be3426a285756cb9a022dc9c16a7947f374,n/a,,,n/a,n/a,1,1,false,false,n/a,n/a,false,path_not_allowed,path class app_static: canonical accepts only public docs/ or reports/ paths
57,AADS,169e5328-244e-444d-95c8-d20377192671,prototype,prototype:smart-browser-ui,1.0.0,active,true,app_static,,98206e79ed3e913d314ddc93350c2655b550b4d61c092c50398c47a0b0a0ac3a,n/a,,,n/a,n/a,1,1,false,false,n/a,n/a,false,path_not_allowed,path class app_static: canonical accepts only public docs/ or reports/ paths
58,ACCT,acc70917-0917-4a01-9a01-000000000001,plan,plan:7809084f4f97,1.0.0,active,true,server_absolute,,4002dbb2a385ff0c47c506522a6aa64baae0b823a5ad7b1e44670226787c4780,n/a,,,n/a,n/a,1,1,false,true,n/a,n/a,false,path_not_allowed,path class server_absolute: canonical accepts only public docs/ or reports/ paths
59,ACCT,acc70917-0917-4a01-9a01-000000000001,reference,reference:a7393e86de2b,1.0.0,active,true,server_absolute,,d22a39a351f19c68aeeb373c55c1255c1721778e5d7a832f5e09ab8e149ca749,n/a,,,n/a,n/a,1,1,false,false,n/a,n/a,false,path_not_allowed,path class server_absolute: canonical accepts only public docs/ or reports/ paths
60,ACCT,acc70917-0917-4a01-9a01-000000000001,prd,prd:0dfbe7c8ec40,1.0.0,active,true,server_absolute,,441459f5b9b1ffbb7150208275f910d99524e43ea8293504ebf2d41488fd84e9,n/a,,,n/a,n/a,1,1,false,true,n/a,n/a,false,path_not_allowed,path class server_absolute: canonical accepts only public docs/ or reports/ paths
61,ACCT,acc70917-0917-4a01-9a01-000000000001,reference,reference:d01cc5f1f69a,1.0.0,active,true,server_absolute,,655333c34a178fd02b1769d36e7261d379540178743b6e7bf2dbdbe12efba7a7,n/a,,,n/a,n/a,1,1,false,false,n/a,n/a,false,path_not_allowed,path class server_absolute: canonical accepts only public docs/ or reports/ paths
62,ACCT,acc70917-0917-4a01-9a01-000000000001,report,report:3d18de445993,1.0.0,active,true,server_absolute,,3d9a27eb049bc9a3a1a7bf8829ce416fbee9ed267a1e4b1b33e5e881e67d6c94,n/a,,,n/a,n/a,1,1,false,false,n/a,n/a,false,path_not_allowed,path class server_absolute: canonical accepts only public docs/ or reports/ paths
63,GO100,40cfdfc5-06f9-4861-8dc9-27c8688cb3f7,report,report:98705093b7f2,1.0.0,active,true,server_absolute,,67746407118f2d7694c5944df695a5ad314acdc47150f12573cacb5c82cf5232,n/a,,,n/a,n/a,1,1,false,true,n/a,n/a,false,path_not_allowed,path class server_absolute: canonical accepts only public docs/ or reports/ paths
64,GO100,40cfdfc5-06f9-4861-8dc9-27c8688cb3f7,reference,reference:3b65677afc28,1.0.0,active,true,server_absolute,,e486e1891c96e088e0a86ec67d7cba624220193ce5db6323a159e3309b698e76,n/a,,,n/a,n/a,1,1,false,false,n/a,n/a,false,path_not_allowed,path class server_absolute: canonical accepts only public docs/ or reports/ paths
65,GO100,40cfdfc5-06f9-4861-8dc9-27c8688cb3f7,reference,reference:bd7f75cf24e6,1.0.0,active,true,server_absolute,,d63df02141a0c7fe10b001fda55358462b1fd0452868dae2f668094da6ba36b3,n/a,,,n/a,n/a,1,1,false,false,n/a,n/a,false,path_not_allowed,path class server_absolute: canonical accepts only public docs/ or reports/ paths
72,GO100,250a271f-1449-46d7-9a86-116c667aa7aa,prd,prd:817ba8a5ff96,1.0.0,active,true,server_absolute,,8f2d080c9760106105d63910398d83d9ffd9fff0a758c2409c46d767690c7c5b,n/a,,,n/a,n/a,1,1,false,false,n/a,n/a,false,path_not_allowed,path class server_absolute: canonical accepts only public docs/ or reports/ paths
73,GO100,250a271f-1449-46d7-9a86-116c667aa7aa,prototype,prototype:b23e169b5a86,1.0.0,active,true,external_url,,a55b45e67da5582e70c8f5a152feb64521e4a166b3224640c674112e5f000a98,n/a,,,n/a,n/a,1,1,false,false,n/a,n/a,false,path_not_allowed,path class external_url: canonical accepts only public docs/ or reports/ paths
74,AADS,cf1ec2f6-0072-4f85-aa5e-b08760cd6613,contract,contract:b4ad294d9869,1.0.0,active,true,docs_relative,docs/contracts/GOAL_POLICY_FOUNDATION_INTERFACE_V1.md,b6b5b72ced97215fd2700c56348a39b719ae876979a767b57c2fbf35051c84b1,true,2651d430221d2540d645469b9b4e66e1fb52335070a6f5779cd820ada9d90df7,8970,false,false,1,1,false,false,false,false,false,needs_canonical_import,file ok; no canonical revision for this kind/version
79,AADS,1997c471-ba2e-4f0d-a1e3-9df0dd6d1240,plan,plan:4d5558c10abc,1.0.0,superseded,false,docs_relative,docs/goals/deployment-optimization/v1.0.0/PLAN.md,2fe3b44c02a14b9797fd1c37a975e4a1cf7ebdfcf35a852b90c4ea33276ebe47,true,de217f916ff81615037f47c5da3e676af91b97e1bcd8152759bc219657ddef98,4862,false,false,4,1,true,false,false,false,false,superseded,status=superseded is_latest=false
80,AADS,1997c471-ba2e-4f0d-a1e3-9df0dd6d1240,reference,reference:79913155b80f,1.0.0,superseded,false,docs_relative,docs/goals/deployment-optimization/v1.0.0/DESIGN.md,027d094028607b3701d2f3d191b1bc0c0a67f07117079351bb7eba7d7448f011,true,4493f905d9cc212eddca38a6f60501d5ba7e66520f2077dc2a3fb4656f9d8a59,5384,false,false,4,1,true,false,false,false,false,superseded,status=superseded is_latest=false
81,AADS,1997c471-ba2e-4f0d-a1e3-9df0dd6d1240,prd,prd:e677db2cb301,1.0.0,superseded,false,docs_relative,docs/goals/deployment-optimization/v1.0.0/PRD.md,2b6398c2c5e0ff3402611decbd1f400715e427832340131378ee2b8b9db274bd,true,608321143dcab403834efce41ae5db0b239f1f014690f4a64cfd40aef7549763,5102,false,false,4,1,true,true,false,false,false,superseded,status=superseded is_latest=false
82,AADS,1997c471-ba2e-4f0d-a1e3-9df0dd6d1240,reference,reference:8bf8abc5c7e7,1.3.0,active,true,docs_relative,docs/goals/deployment-optimization/LATEST.md,9b1288f28bf8623e3b99ee16b59130f2b370534ee489c490b7eac1eba9f05c3e,true,d3b2ad4dfd761faf6ae9ef9e59aab130314b6ce02f09d9ede1a9520c0038b314,1949,false,false,1,1,false,false,false,false,false,needs_canonical_import,file ok; no canonical revision for this kind/version
83,AADS,1997c471-ba2e-4f0d-a1e3-9df0dd6d1240,plan,plan:4d5558c10abc,1.1.0,superseded,false,docs_relative,docs/goals/deployment-optimization/v1.1.0/PLAN.md,470271cd988fdbd007e2af74a63706b0974cc0700cb88e0be583f4ef9e4ea705,true,6419950f473bdd35ec2ea6bf42d4f85fddb8f6b61b03e3b16645afd7c517a0e9,2513,false,false,4,1,true,false,false,false,false,superseded,status=superseded is_latest=false
84,AADS,1997c471-ba2e-4f0d-a1e3-9df0dd6d1240,reference,reference:79913155b80f,1.1.0,superseded,false,docs_relative,docs/goals/deployment-optimization/v1.1.0/DESIGN.md,2e6e69e47bc44bedf65a3caba0173e003b4218b488cd98740aefa1b584ab4dbf,true,8892f8ee6ec02fff193c28fdab79ee72c94623db96b21a29798a295406c141c6,2645,false,false,4,1,true,false,false,false,false,superseded,status=superseded is_latest=false
85,AADS,1997c471-ba2e-4f0d-a1e3-9df0dd6d1240,prd,prd:e677db2cb301,1.1.0,superseded,false,docs_relative,docs/goals/deployment-optimization/v1.1.0/PRD.md,acbf9d8e56709c9779e75f4ff318dfa6fa50e35f367b5cef7cff9a017246f04c,true,47e5d8c7fb7c003ad776d5241579399aed480c5d6343c909b1e3f31c54af1432,2469,false,false,4,1,true,false,false,false,false,superseded,status=superseded is_latest=false
87,AADS,1997c471-ba2e-4f0d-a1e3-9df0dd6d1240,plan,plan:4d5558c10abc,1.2.0,superseded,false,docs_relative,docs/goals/deployment-optimization/v1.2.0/PLAN.md,918b44034c39a4b141a3094b1661d22f25dbd2f75a7facd009da2b1cbb9a6d92,true,a050065681d57cb6ff3952e32430f40ed7e5d16311558a34bd13bb8764b67645,2512,false,false,4,1,true,false,false,false,false,superseded,status=superseded is_latest=false
88,AADS,1997c471-ba2e-4f0d-a1e3-9df0dd6d1240,reference,reference:79913155b80f,1.2.0,superseded,false,docs_relative,docs/goals/deployment-optimization/v1.2.0/DESIGN.md,78721945c0b77bca4760347633fdcfdf6819799c66827241da94d007d528632d,true,6e42003dad71c7d569a88ff64eb2d40ff2e90d26e892b96d7518a7e6f5150593,2664,false,false,4,1,true,false,false,false,false,superseded,status=superseded is_latest=false
89,AADS,1997c471-ba2e-4f0d-a1e3-9df0dd6d1240,prd,prd:e677db2cb301,1.2.0,superseded,false,docs_relative,docs/goals/deployment-optimization/v1.2.0/PRD.md,a77e3fc1205c925e647cc0f7ad34e1ec5a8dbd64af26edadbd30f1fec5911715,true,eb185f70fec957fb18abe536f0e2302270d9b0530e4db112879f9b63abd5dcb7,2805,false,false,4,1,true,false,false,false,false,superseded,status=superseded is_latest=false
90,AADS,1997c471-ba2e-4f0d-a1e3-9df0dd6d1240,plan,plan:4d5558c10abc,1.3.0,active,true,docs_relative,docs/goals/deployment-optimization/v1.3.0/PLAN.md,5ae081f94d9aa4f545cf26d129f024ba103c49c00599a4d091c096d44cb7bcda,true,7e6f6403177208ba57749c95026e0beb797e66f41bd6eb18cd4b830507347fd8,1517,false,false,4,1,false,false,false,false,false,needs_canonical_import,file ok; no canonical revision for this kind/version
91,AADS,1997c471-ba2e-4f0d-a1e3-9df0dd6d1240,reference,reference:79913155b80f,1.3.0,active,true,docs_relative,docs/goals/deployment-optimization/v1.3.0/DESIGN.md,fa39486788da6af558fd564a0e7e98003ceacfae9a4c322c9ac84697db25cf4e,true,4c33403188c9ab04e365577dc95bd174815a664d5870cb652544bf3bca5f3c6b,1911,false,false,4,1,false,false,false,false,false,needs_canonical_import,file ok; no canonical revision for this kind/version
92,AADS,1997c471-ba2e-4f0d-a1e3-9df0dd6d1240,prd,prd:e677db2cb301,1.3.0,active,true,docs_relative,docs/goals/deployment-optimization/v1.3.0/PRD.md,886d81449b16b0e905dc04147a9477161367588f582283a89fc7f830a3576333,true,ac94fa364775d6b18b356a1162339202d519cbcd861b729bbc7d567e20c0d62f,1446,false,false,4,1,false,false,false,false,false,needs_canonical_import,file ok; no canonical revision for this kind/version
94,GO100,27920766-403d-487c-b778-1e63bf7b7445,reference,canonical-plan-legacy,1.3.1,active,true,docs_relative,docs/CHART-FEATURE-PLAN.md,35b6dea4957bb383f73e5fdaede7596526700de25decc292e70a8de5de9c15c5,false,,,false,n/a,1,1,false,false,n/a,n/a,false,missing_file,file not usable: missing_or_unreadable
95,GO100,27920766-403d-487c-b778-1e63bf7b7445,prd,chart-prd,1.3.1,active,true,docs_relative,docs/technical/chart-module/PRD-SIGNALS-REALTIME-CANDLES-v1.0.md,6a6131481f618eae05e582c3793510e39f42b4ee80285be7c7bdd64cd52b7606,false,,,false,n/a,1,1,false,false,n/a,n/a,false,missing_file,file not usable: missing_or_unreadable
96,GO100,27920766-403d-487c-b778-1e63bf7b7445,reference,chart-architecture,1.3.1,active,true,docs_relative,docs/technical/chart-module/ARCHITECTURE.md,d9ce2f9b35ca43f7d1aa557ac879c10ea0038359fa646273a43f4cd4cffa618d,false,,,false,n/a,1,1,false,false,n/a,n/a,false,missing_file,file not usable: missing_or_unreadable
97,GO100,27920766-403d-487c-b778-1e63bf7b7445,reference,chart-api,1.3.1,active,true,docs_relative,docs/technical/chart-module/API-CONTRACT.md,8893ae066f1158487547558f341a571441ceb03a226f80a91a861e36807f1570,false,,,false,n/a,1,1,false,false,n/a,n/a,false,missing_file,file not usable: missing_or_unreadable
98,GO100,27920766-403d-487c-b778-1e63bf7b7445,reference,chart-operations,1.3.1,active,true,docs_relative,docs/technical/chart-module/OPERATIONS.md,6762b7fbf6f3c2afd8b57a0a3a0f8b6c56d3ec34dc3a11d464567d6313267fcf,false,,,false,n/a,1,1,false,false,n/a,n/a,false,missing_file,file not usable: missing_or_unreadable
99,GO100,27920766-403d-487c-b778-1e63bf7b7445,reference,chart-index,1.3.1,active,true,docs_relative,docs/technical/chart-module/README.md,f7d22bde35f507d060e38053e49d3effdfbecc944de54f75b95665319716007b,false,,,false,n/a,1,1,false,false,n/a,n/a,false,missing_file,file not usable: missing_or_unreadable
101,GO100,27920766-403d-487c-b778-1e63bf7b7445,plan,chart-plan,1.3.1,active,true,docs_relative,docs/technical/chart-module/PLAN.md,25d88bf59dde69608555c8f9ba206712a86b187e7e44c09569994c8fff2d1aa4,false,,,false,n/a,1,1,false,false,n/a,n/a,false,missing_file,file not usable: missing_or_unreadable
102,GO100,27920766-403d-487c-b778-1e63bf7b7445,reference,chart-design,1.3.1,active,true,docs_relative,docs/technical/chart-module/DESIGN.md,70071864437efc7c622655c4174c89bc00758d1c5de7f5fa8b7bf285ab658eeb,false,,,false,n/a,1,1,false,false,n/a,n/a,false,missing_file,file not usable: missing_or_unreadable
108,AADS,0a173409-0917-4c17-9c17-000000000002,prd,chatlat-prd,1.0.0,active,true,docs_relative,docs/plans/20260921_CHAT_LATENCY_RESILIENCE_PRD.md,c131f719e92eacaedc34deb3d8c2572e39832ebcd1052e6445a71536202599ee,true,337e2cadeabb097826392b56aa94822b4c4d52e6dda88fef1a0245c1cd55d4ef,9315,false,false,1,1,false,true,false,false,false,needs_canonical_import,"same kind/version revision exists, but path and hash differ (kind/version match only, not proof of same document)"
109,AADS,a6cc6511-ac41-4733-bbb7-ddd58ba05912,plan,plan:7d9f483b5dba,1.0.0,active,true,docs_relative,docs/plans/20260922_OHVIS_DOC_GOVERNANCE_OPS_기획서.md,7d9f483b5dbad29da891ec1a40add047919ce2a4005e60b8ecd4b28bb4e6256d,true,b0a54223627600eb18b549dd18cbf9627e4e8f31fca098f6fb4c7785bef750df,2493,false,false,1,1,false,false,false,false,false,needs_canonical_import,file ok; no canonical revision for this kind/version
110,AADS,a6cc6511-ac41-4733-bbb7-ddd58ba05912,prd,prd:848c81d57565,1.0.0,active,true,docs_relative,docs/prd/20260922_OHVIS_DOC_GOVERNANCE_OPS_PRD.md,848c81d57565c3a2d5f698bcad82f9f1aaed49511c28cb67154a1eb82e2dfd44,true,8cacc274a62a1108001211109139c32c13dbd1b57e4d09f594d344b011ab1d7f,1673,false,false,1,1,false,true,false,false,false,needs_canonical_import,"same kind/version revision exists, but path and hash differ (kind/version match only, not proof of same document)"
111,AADS,a6cc6511-ac41-4733-bbb7-ddd58ba05912,design,design:4578db026e90,2.0.0,active,true,docs_relative,docs/design/20260922_OHVIS_DOC_GOVERNANCE_목표계층_설계서.md,4578db026e908afdd69ee5b69eb87593286367511a6667040d6efd2cb838cbf0,true,ddc3bd9cc7d4823b1bd605dda55a6f0aef116423b84a6e3e423c430325a4599c,8560,false,false,1,1,false,false,false,false,false,needs_canonical_import,file ok; no canonical revision for this kind/version
113,ACCT,6c789b57-957d-4dfc-9c29-0baae4bd3741,spec,spec:69684d270993,1.0.0,active,true,docs_relative,docs/specs/obys-v4/account-detail/spec.md,69684d270993cbf5346ec7fd0c1cfd21edf32433cd16e8c8011f417faeb9ee76,true,1ff424e7e7f6759b380c941d086cc2f61ac58b9681359fc067c61345c4285f06,1094,false,false,1,1,false,false,false,false,false,needs_canonical_import,file ok; no canonical revision for this kind/version
114,ACCT,6c789b57-957d-4dfc-9c29-0baae4bd3741,plan,plan:a1256f35f928,1.0.0,active,true,docs_relative,docs/specs/obys-v4/account-detail/plan.md,a1256f35f928764f39afed567c67daa311f2090069f409003fd4e68f7685dd84,true,2be808543abbdbd2aeeb43f94ca8810d7b2749bc791f663dc4571a8091119542,853,false,false,1,1,false,true,false,false,false,needs_canonical_import,"same kind/version revision exists, but path and hash differ (kind/version match only, not proof of same document)"
115,ACCT,6c789b57-957d-4dfc-9c29-0baae4bd3741,tasks,tasks:a3f6e4d26d68,1.0.0,active,true,docs_relative,docs/specs/obys-v4/account-detail/tasks.md,a3f6e4d26d68aa49ca98aedb91a3699543c22edbf09a3f38ab79452a2b2dbfaf,true,54822700a525aa7bf04d2dedf0a92e4e5402fbb3c41fe280c27f85951ab4d393,447,false,false,1,1,false,true,false,false,false,needs_canonical_import,"same kind/version revision exists, but path and hash differ (kind/version match only, not proof of same document)"
116,ACCT,6c789b57-957d-4dfc-9c29-0baae4bd3741,spec,spec:07164c2d96f0,1.0.0,active,true,docs_relative,docs/specs/obys-v4/approval-detail/spec.md,07164c2d96f0b9d763e24ad9d7fef0ab236ce797136dc821a94fbcfed925c57d,true,0fe02c9e66d27e618a8345d24852b7e8166c54380a6a8b2ab88b14f4c07e150f,1209,false,false,1,1,false,false,false,false,false,needs_canonical_import,file ok; no canonical revision for this kind/version
117,ACCT,6c789b57-957d-4dfc-9c29-0baae4bd3741,plan,plan:d82f50ab3054,1.0.0,active,true,docs_relative,docs/specs/obys-v4/approval-detail/plan.md,d82f50ab305491fe552ce7f9e318e0c243aa7d65e051bcb807c70f7992516147,true,40ab0e97136d6e3b05930f02fee9fac3268bed29e7f7029d7798da9e5f2b857f,914,false,false,1,1,false,true,false,false,false,needs_canonical_import,"same kind/version revision exists, but path and hash differ (kind/version match only, not proof of same document)"
118,ACCT,6c789b57-957d-4dfc-9c29-0baae4bd3741,tasks,tasks:f5e8c23d5929,1.0.0,active,true,docs_relative,docs/specs/obys-v4/approval-detail/tasks.md,f5e8c23d5929474f201a3164096161bb8e32e0dbb250a87ff0821b46a99c500b,true,64efa9f55369d54a06fc1ebb60f2f9fa14dc1bccfdcabfee7853fa61210a4155,502,false,false,1,1,false,true,false,false,false,needs_canonical_import,"same kind/version revision exists, but path and hash differ (kind/version match only, not proof of same document)"
119,ACCT,6c789b57-957d-4dfc-9c29-0baae4bd3741,spec,spec:304b66102a6f,1.0.0,active,true,docs_relative,docs/specs/obys-v4/approve/spec.md,304b66102a6f2f3c4c59ab1fca471c30a7182c2bfdf0b9f2a06a864d30fb055a,true,71f34cab5354deaf85de0df53647931ea7feedb5b23525f92e7dc48856fe53fa,985,false,false,1,1,false,false,false,false,false,needs_canonical_import,file ok; no canonical revision for this kind/version
120,ACCT,6c789b57-957d-4dfc-9c29-0baae4bd3741,plan,plan:8608161e3419,1.0.0,active,true,docs_relative,docs/specs/obys-v4/approve/plan.md,8608161e341964e8a803bef1d86c4ad57f07efa0b8c5c25fb5c290d2bde74ec8,true,fe832962caf666a169a462eeb75d56857e422938438284b5da00eaf9ff688adb,796,false,false,1,1,false,true,false,false,false,needs_canonical_import,"same kind/version revision exists, but path and hash differ (kind/version match only, not proof of same document)"
121,ACCT,6c789b57-957d-4dfc-9c29-0baae4bd3741,tasks,tasks:a7c0fc56b8b0,1.0.0,active,true,docs_relative,docs/specs/obys-v4/approve/tasks.md,a7c0fc56b8b01e55973350c22a753eb42320183a2cc73dc34270e0dedb07134b,true,e7facb978303320f2d2e43d76e2a8d8401081d28263a70e7baad0da569703e41,360,false,false,1,1,false,true,false,false,false,needs_canonical_import,"same kind/version revision exists, but path and hash differ (kind/version match only, not proof of same document)"
122,ACCT,6c789b57-957d-4dfc-9c29-0baae4bd3741,spec,spec:c1b60a590d1d,1.0.0,active,true,docs_relative,docs/specs/obys-v4/audit-detail/spec.md,c1b60a590d1ddb1beb70fb9fdd35570db70321c1ad1da93a0b933e174dc8201d,true,64755aafb98c7c8d5265fe2cc18a15a0c56413faa4e21c2600b2728ef97c19b7,1295,false,false,1,1,false,false,false,false,false,needs_canonical_import,file ok; no canonical revision for this kind/version
123,ACCT,6c789b57-957d-4dfc-9c29-0baae4bd3741,plan,plan:5d9363875e50,1.0.0,active,true,docs_relative,docs/specs/obys-v4/audit-detail/plan.md,5d9363875e50be8712c26f9dc98bfaaa6687b786362dc9d1ef9b2f14cec343a8,true,5faabe21af4f225a9ee32eed708b8addfde2b5094d06aa649add8deb5a64f778,960,false,false,1,1,false,true,false,false,false,needs_canonical_import,"same kind/version revision exists, but path and hash differ (kind/version match only, not proof of same document)"
124,ACCT,6c789b57-957d-4dfc-9c29-0baae4bd3741,tasks,tasks:9572a3bb7bc4,1.0.0,active,true,docs_relative,docs/specs/obys-v4/audit-detail/tasks.md,9572a3bb7bc45abbe05d4fd8c629a19fc20f77efce009cfddd5ae2bf0da2cf22,true,3a3ce3fe7750e09c24b6bfe604b687a50bac51286394ae498c426570ed43ab5d,548,false,false,1,1,false,true,false,false,false,needs_canonical_import,"same kind/version revision exists, but path and hash differ (kind/version match only, not proof of same document)"
125,ACCT,6c789b57-957d-4dfc-9c29-0baae4bd3741,spec,spec:6b643514d5bb,1.0.0,active,true,docs_relative,docs/specs/obys-v4/bank-connect/spec.md,6b643514d5bb44b71c9d2245b53dd724e507b8d356a00fcd2241c9fd081afbac,true,51ce2023b917c35b0af1a55e308aa3b89ecc15768bd3964affa3cf097ddf62ec,1227,false,false,1,1,false,false,false,false,false,needs_canonical_import,file ok; no canonical revision for this kind/version
126,ACCT,6c789b57-957d-4dfc-9c29-0baae4bd3741,plan,plan:7d42743c1e23,1.0.0,active,true,docs_relative,docs/specs/obys-v4/bank-connect/plan.md,7d42743c1e2390a73baa6a924365ab5cd0de7de5d01f44be777487097a10495d,true,d5c96f055e7a80089d2cbaa79904119b2f069b10ed26d1c97e53a5ebb8c3dca0,903,false,false,1,1,false,true,false,false,false,needs_canonical_import,"same kind/version revision exists, but path and hash differ (kind/version match only, not proof of same document)"
127,ACCT,6c789b57-957d-4dfc-9c29-0baae4bd3741,tasks,tasks:b55388cb2faf,1.0.0,active,true,docs_relative,docs/specs/obys-v4/bank-connect/tasks.md,b55388cb2faf862aa8d9fa4d56e42a5222393bf224cdf32ff7d020e32fa9a28e,true,7060b5288a403a8dce52a68df842333f7bc6e04b24117768e4fc2ee0faa7ad18,491,false,false,1,1,false,true,false,false,false,needs_canonical_import,"same kind/version revision exists, but path and hash differ (kind/version match only, not proof of same document)"
128,ACCT,6c789b57-957d-4dfc-9c29-0baae4bd3741,spec,spec:66e6c4d94548,1.0.0,active,true,docs_relative,docs/specs/obys-v4/business-detail/spec.md,66e6c4d94548dc1d049b065f5ed9e2fd00850838c27d6b24d34db23fd9ea4642,true,00858b4fdb6aa17a1a0bc60b5f6ca91a509522e2e0d5d76e945009f84f444d0f,1002,false,false,1,1,false,false,false,false,false,needs_canonical_import,file ok; no canonical revision for this kind/version
129,ACCT,6c789b57-957d-4dfc-9c29-0baae4bd3741,plan,plan:1b9fe9574e80,1.0.0,active,true,docs_relative,docs/specs/obys-v4/business-detail/plan.md,1b9fe9574e8049b4a7b0a2988ef4626fc7d7947e992678e55f9f193ce16df1fb,true,b771d1adaff5372eb85b51f8c69f982733f130c2350699b7f0d65bce62715649,807,false,false,1,1,false,true,false,false,false,needs_canonical_import,"same kind/version revision exists, but path and hash differ (kind/version match only, not proof of same document)"
130,ACCT,6c789b57-957d-4dfc-9c29-0baae4bd3741,tasks,tasks:a00a5c019352,1.0.0,active,true,docs_relative,docs/specs/obys-v4/business-detail/tasks.md,a00a5c019352dc801f78219121ffd69d8a9366a97b48057bbde7813ee40c9457,true,f324c78586053fd4ac484d008adaabbab01457f16461d3e12080fe4209b691c9,374,false,false,1,1,false,true,false,false,false,needs_canonical_import,"same kind/version revision exists, but path and hash differ (kind/version match only, not proof of same document)"
131,ACCT,6c789b57-957d-4dfc-9c29-0baae4bd3741,spec,spec:78dc1650ad4f,1.0.0,active,true,docs_relative,docs/specs/obys-v4/business-ocr/spec.md,78dc1650ad4f9030cf2de462318b4c596dd52fa99dc477303ccf42cc459f8226,true,901e17717f0f04ced91dd3cf44a2917ce2c5ffb8744d5fab9eb99a0000f7e4af,996,false,false,1,1,false,false,false,false,false,needs_canonical_import,file ok; no canonical revision for this kind/version
132,ACCT,6c789b57-957d-4dfc-9c29-0baae4bd3741,plan,plan:b0ac6e1442ee,1.0.0,active,true,docs_relative,docs/specs/obys-v4/business-ocr/plan.md,b0ac6e1442ee093883b210e8272e367a3dca576129b8654e06c083a1ad8d391b,true,b548bf1a6fa4a55a0d7227f8fd4d162e8529a1862889e1cea76d37243404ec6f,804,false,false,1,1,false,true,false,false,false,needs_canonical_import,"same kind/version revision exists, but path and hash differ (kind/version match only, not proof of same document)"
133,ACCT,6c789b57-957d-4dfc-9c29-0baae4bd3741,tasks,tasks:093aed975a20,1.0.0,active,true,docs_relative,docs/specs/obys-v4/business-ocr/tasks.md,093aed975a20fdf73d8b36c1473763c1ff50901acd1b4c955500e1813dccedae,true,fa4fb44e8e313cdf07a044a238a3af6acea9ff48138433b7ec117b345561b187,371,false,false,1,1,false,true,false,false,false,needs_canonical_import,"same kind/version revision exists, but path and hash differ (kind/version match only, not proof of same document)"
134,ACCT,6c789b57-957d-4dfc-9c29-0baae4bd3741,spec,spec:810a4fae2853,1.0.0,active,true,docs_relative,docs/specs/obys-v4/business-switch/spec.md,810a4fae2853e025004d39e0b9dd5a88388bf729bb43854af8eba41328061ec0,true,a83e5e5f7bfa548e983eb00e310cac14fd584f43672ac788eddeeb408339d6ee,1227,false,false,1,1,false,false,false,false,false,needs_canonical_import,file ok; no canonical revision for this kind/version
135,ACCT,6c789b57-957d-4dfc-9c29-0baae4bd3741,plan,plan:347ba53d89d6,1.0.0,active,true,docs_relative,docs/specs/obys-v4/business-switch/plan.md,347ba53d89d654e26f94b75bda7e68ef877af69dc06c2b9f249769ffbfc9f131,true,82850ffc9a7fea22774436d59d4e66d443781ddfbf0e3a1d842793aff9f0ed40,926,false,false,1,1,false,true,false,false,false,needs_canonical_import,"same kind/version revision exists, but path and hash differ (kind/version match only, not proof of same document)"
136,ACCT,6c789b57-957d-4dfc-9c29-0baae4bd3741,tasks,tasks:cc925995d4ea,1.0.0,active,true,docs_relative,docs/specs/obys-v4/business-switch/tasks.md,cc925995d4ea3661bd47b93b417190b84a46fc3013a915a94fa099368ca57c70,true,f2dd1a3bdb384da0d9493c11a427890613018e415fed6ecfcf3cf3c9acb2c474,514,false,false,1,1,false,true,false,false,false,needs_canonical_import,"same kind/version revision exists, but path and hash differ (kind/version match only, not proof of same document)"
137,ACCT,6c789b57-957d-4dfc-9c29-0baae4bd3741,spec,spec:d26fe7894acf,1.0.0,active,true,docs_relative,docs/specs/obys-v4/calendar/spec.md,d26fe7894acfe45622efad676c5840774ea6e0a8a6a58b27aa94614b587cf0de,true,8351fcea1cb284aba2cb9f7833b1c803035084c470a1468f37662e835ad38389,1184,false,false,1,1,false,false,false,false,false,needs_canonical_import,file ok; no canonical revision for this kind/version
138,ACCT,6c789b57-957d-4dfc-9c29-0baae4bd3741,plan,plan:0cfb4de29793,1.0.0,active,true,docs_relative,docs/specs/obys-v4/calendar/plan.md,0cfb4de297938c15a0f17564934cbbec68b5c171578a1496b1c31135e87aa0ed,true,264b6fa4fe2d25a20808b3689ee8ab53928c90e4699f110b06d2ad6ed74d70ac,895,false,false,1,1,false,true,false,false,false,needs_canonical_import,"same kind/version revision exists, but path and hash differ (kind/version match only, not proof of same document)"
139,ACCT,6c789b57-957d-4dfc-9c29-0baae4bd3741,tasks,tasks:ad48d108ec30,1.0.0,active,true,docs_relative,docs/specs/obys-v4/calendar/tasks.md,ad48d108ec30aa5171c246a41b04ee149ca18e1fb3d8c6d9a0e3922497a0efa6,true,a9c3ebeae891d507b3faa2522101b555f443ca573fe56a0f91cd150a543a8fc5,483,false,false,1,1,false,true,false,false,false,needs_canonical_import,"same kind/version revision exists, but path and hash differ (kind/version match only, not proof of same document)"
140,ACCT,6c789b57-957d-4dfc-9c29-0baae4bd3741,spec,spec:faea990d4a5c,1.0.0,active,true,docs_relative,docs/specs/obys-v4/credential-vault/spec.md,faea990d4a5c3cc8dfc581794fcc72b59557137b09be4b371d942451d2461b2c,true,f78600db89863ffd5d2250e6094d8e7fa1d8b1990c331bc9104cdaabd2c6634d,1220,false,false,1,1,false,false,false,false,false,needs_canonical_import,file ok; no canonical revision for this kind/version
141,ACCT,6c789b57-957d-4dfc-9c29-0baae4bd3741,plan,plan:16affc159656,1.0.0,active,true,docs_relative,docs/specs/obys-v4/credential-vault/plan.md,16affc159656857be403ef98289af3fe8d6f0c39492e1f144b70734486313b75,true,ffd3b829c7004f67f7230e5be2babc1048ecc670dd50ad326d2ffd60a43246f9,917,false,false,1,1,false,true,false,false,false,needs_canonical_import,"same kind/version revision exists, but path and hash differ (kind/version match only, not proof of same document)"
142,ACCT,6c789b57-957d-4dfc-9c29-0baae4bd3741,tasks,tasks:035f7dc9615a,1.0.0,active,true,docs_relative,docs/specs/obys-v4/credential-vault/tasks.md,035f7dc9615a8fd19b38d3c346a64ca1eca2b8792e58d6781a50c6df9b7dfa45,true,b83d772722001bb99050a209607e944b4bdbe68dc7cad8a5b12a63edd9757091,505,false,false,1,1,false,true,false,false,false,needs_canonical_import,"same kind/version revision exists, but path and hash differ (kind/version match only, not proof of same document)"
143,ACCT,6c789b57-957d-4dfc-9c29-0baae4bd3741,spec,spec:05417cb85d4d,1.0.0,active,true,docs_relative,docs/specs/obys-v4/document-vault/spec.md,05417cb85d4dab00d86880305bef079d236af275c9e9a4609c2c02ab15705e14,true,0c56e7f06a130929914dbc717fa6467cfbb271e1bc0559470a229078c7e466c1,1062,false,false,1,1,false,false,false,false,false,needs_canonical_import,file ok; no canonical revision for this kind/version
144,ACCT,6c789b57-957d-4dfc-9c29-0baae4bd3741,plan,plan:46eccf090f6c,1.0.0,active,true,docs_relative,docs/specs/obys-v4/document-vault/plan.md,46eccf090f6cfc3b79b27743dbbda98a5aeb1edac47eeb8fd7b4421dde45e22a,true,24dbddaaa291588aff5b6b13b86d26e5ce77f6c8173509e1928ec68f31b5ca08,858,false,false,1,1,false,true,false,false,false,needs_canonical_import,"same kind/version revision exists, but path and hash differ (kind/version match only, not proof of same document)"
145,ACCT,6c789b57-957d-4dfc-9c29-0baae4bd3741,tasks,tasks:6dd38e79828a,1.0.0,active,true,docs_relative,docs/specs/obys-v4/document-vault/tasks.md,6dd38e79828a1f7ce665fc69bfc315a130fca84ef790f7c0c2f3ebf855e1342a,true,cc217f4935636b00bf86bf277204ab0208632680f9c2107b0a014cd35e53a65d,428,false,false,1,1,false,true,false,false,false,needs_canonical_import,"same kind/version revision exists, but path and hash differ (kind/version match only, not proof of same document)"
146,ACCT,6c789b57-957d-4dfc-9c29-0baae4bd3741,spec,spec:16b59c3a2636,1.0.0,active,true,docs_relative,docs/specs/obys-v4/employee-detail/spec.md,16b59c3a2636634e0bd9b1dd08bac2c90fd7e12ac88cf6ff0a1ca478eaf31845,true,01a56b32bf3cc70888abff6fd60645c1633b3cde9c153665e38e18a1df31ca29,1000,false,false,1,1,false,false,false,false,false,needs_canonical_import,file ok; no canonical revision for this kind/version
147,ACCT,6c789b57-957d-4dfc-9c29-0baae4bd3741,plan,plan:997ba1949e46,1.0.0,active,true,docs_relative,docs/specs/obys-v4/employee-detail/plan.md,997ba1949e466938f3ea45d3ba79f0e67f72af365310f0602473ee5b4e43fb33,true,373eccc659f23804d0cdc95ba1c12659a58fe4ba3bae8bdaf300f493ca6f34ae,804,false,false,1,1,false,true,false,false,false,needs_canonical_import,"same kind/version revision exists, but path and hash differ (kind/version match only, not proof of same document)"
148,ACCT,6c789b57-957d-4dfc-9c29-0baae4bd3741,tasks,tasks:d6638677908c,1.0.0,active,true,docs_relative,docs/specs/obys-v4/employee-detail/tasks.md,d6638677908c80943d59c8abd98d0516fdc0e598bfc9f48ef5bae03257c6263a,true,1a0afc0d38d872be877757ae26eebcf826ad2314d1aac3058471ba1a6df666b8,368,false,false,1,1,false,true,false,false,false,needs_canonical_import,"same kind/version revision exists, but path and hash differ (kind/version match only, not proof of same document)"
149,ACCT,6c789b57-957d-4dfc-9c29-0baae4bd3741,spec,spec:c5840d918a63,1.0.0,active,true,docs_relative,docs/specs/obys-v4/employee-docs/spec.md,c5840d918a63d31c6eb4c630fbf9a125ddf20894a3c4ed24d649a7c259e50d30,true,1f724ad16b4e5d1f556622b8026f9b302208d16683dbaf2400c840f096a1d670,1093,false,false,1,1,false,false,false,false,false,needs_canonical_import,file ok; no canonical revision for this kind/version
150,ACCT,6c789b57-957d-4dfc-9c29-0baae4bd3741,plan,plan:d903f2034aaa,1.0.0,active,true,docs_relative,docs/specs/obys-v4/employee-docs/plan.md,d903f2034aaa1c11357e8e3785a20d50f41bdc67b96da085451a852aa7f51685,true,f25c05fdc0be4f3eb69a88987f3597efbb0567f2306dbe9512423dcec46a18da,857,false,false,1,1,false,true,false,false,false,needs_canonical_import,"same kind/version revision exists, but path and hash differ (kind/version match only, not proof of same document)"
151,ACCT,6c789b57-957d-4dfc-9c29-0baae4bd3741,tasks,tasks:f31e08e31e3c,1.0.0,active,true,docs_relative,docs/specs/obys-v4/employee-docs/tasks.md,f31e08e31e3c0fd4af0687daa2e42389ccf62dbfdb3a5b3e00ab7ad77f63575e,true,ae65681b25597195550e655470331ad0adf8fb514c3c63b4da97522e434b0ace,443,false,false,1,1,false,true,false,false,false,needs_canonical_import,"same kind/version revision exists, but path and hash differ (kind/version match only, not proof of same document)"
152,ACCT,6c789b57-957d-4dfc-9c29-0baae4bd3741,spec,spec:48fe1cb4d49c,1.0.0,active,true,docs_relative,docs/specs/obys-v4/evidence-gap/spec.md,48fe1cb4d49c9902ef468a4f484819b49e730fbc43816d6162c3cf9308adfd0f,true,b6582dcb1538742cc803fa4803b9a14ad4d7e197e23cc3284157285d49c1a431,1064,false,false,1,1,false,false,false,false,false,needs_canonical_import,file ok; no canonical revision for this kind/version
153,ACCT,6c789b57-957d-4dfc-9c29-0baae4bd3741,plan,plan:0e7301d1943d,1.0.0,active,true,docs_relative,docs/specs/obys-v4/evidence-gap/plan.md,0e7301d1943db09adc4a06e247d62c20ce02f92e3bdece46abeb6d814d9406f6,true,444f138a9e7212c86762f645366e1d70b3f7291aed3e6aebcb16e06d6c02e51d,860,false,false,1,1,false,true,false,false,false,needs_canonical_import,"same kind/version revision exists, but path and hash differ (kind/version match only, not proof of same document)"
154,ACCT,6c789b57-957d-4dfc-9c29-0baae4bd3741,tasks,tasks:da60738000c7,1.0.0,active,true,docs_relative,docs/specs/obys-v4/evidence-gap/tasks.md,da60738000c773eeb041c339db79954833a6735f777971e84d8e40a6f37a58b1,true,60086ea3422c213ed6b8fbba15db89013f16549070a394ecd221061ae8be1f81,424,false,false,1,1,false,true,false,false,false,needs_canonical_import,"same kind/version revision exists, but path and hash differ (kind/version match only, not proof of same document)"
155,ACCT,6c789b57-957d-4dfc-9c29-0baae4bd3741,spec,spec:dab25e27b7c1,1.0.0,active,true,docs_relative,docs/specs/obys-v4/integration-audit/spec.md,dab25e27b7c1250ccd19416d67505daef4ee90f84f039611265ab85d5479ff6c,true,e7743cfab76319e585e41c1704bc08b59a1c48236bb4d9ccde030534a25ec382,1116,false,false,1,1,false,false,false,false,false,needs_canonical_import,file ok; no canonical revision for this kind/version
156,ACCT,6c789b57-957d-4dfc-9c29-0baae4bd3741,plan,plan:f66230e4d3a1,1.0.0,active,true,docs_relative,docs/specs/obys-v4/integration-audit/plan.md,f66230e4d3a1d24a7c152ea333d777ccf60589ec7408366460415993d3e4058a,true,f589f9b42a920c03ac46c93e14c27f03f91625437d04dfb48bac75b34e027a37,852,false,false,1,1,false,true,false,false,false,needs_canonical_import,"same kind/version revision exists, but path and hash differ (kind/version match only, not proof of same document)"
157,ACCT,6c789b57-957d-4dfc-9c29-0baae4bd3741,tasks,tasks:815cd067a285,1.0.0,active,true,docs_relative,docs/specs/obys-v4/integration-audit/tasks.md,815cd067a2857deeb614dbc4c1ace81663a103a0b677c64c9123eb457c9950cb,true,19e494fae831b3939dc5bea0864ca47bf2b5b996f7214c539b09dfcfa280fada,451,false,false,1,1,false,true,false,false,false,needs_canonical_import,"same kind/version revision exists, but path and hash differ (kind/version match only, not proof of same document)"
158,ACCT,6c789b57-957d-4dfc-9c29-0baae4bd3741,spec,spec:e794a4403a5f,1.0.0,active,true,docs_relative,docs/specs/obys-v4/margin-detail/spec.md,e794a4403a5fea87437b7a21e65269b42a780035bb12e2f42ff3d86cfba9bf8e,true,4825abd0c0561e0c8edab76f923b8ec98f6be1fb44b6ae861b3e7a3df26e01cc,991,false,false,1,1,false,false,false,false,false,needs_canonical_import,file ok; no canonical revision for this kind/version
159,ACCT,6c789b57-957d-4dfc-9c29-0baae4bd3741,plan,plan:39fcaaa33572,1.0.0,active,true,docs_relative,docs/specs/obys-v4/margin-detail/plan.md,39fcaaa3357237da538cb978aa8c46439e0a8d89f7b696587422f93ddbd2a144,true,95365969be462d3079a65c97b82a63b623d7cb816b3dd8c5f00d5d060dc7d5bc,802,false,false,1,1,false,true,false,false,false,needs_canonical_import,"same kind/version revision exists, but path and hash differ (kind/version match only, not proof of same document)"
160,ACCT,6c789b57-957d-4dfc-9c29-0baae4bd3741,tasks,tasks:2ed2a31798d1,1.0.0,active,true,docs_relative,docs/specs/obys-v4/margin-detail/tasks.md,2ed2a31798d177123d9dee83608994ef9022725e8613b30cef67203810066370,true,432e77a6d6fd28fa1c7495b796595cd1025665068818010a3e2a341479a74e82,366,false,false,1,1,false,true,false,false,false,needs_canonical_import,"same kind/version revision exists, but path and hash differ (kind/version match only, not proof of same document)"
161,ACCT,6c789b57-957d-4dfc-9c29-0baae4bd3741,spec,spec:bcac2f34c2aa,1.0.0,active,true,docs_relative,docs/specs/obys-v4/match/spec.md,bcac2f34c2aaa3fd8de8adeb8a650991d8a4ff875e29b460b77a07b3c4405b4b,true,4c3d09885375d3d481549c29c7bb86bdee5eb0d57068434407b668436a7f9d9b,1036,false,false,1,1,false,false,false,false,false,needs_canonical_import,file ok; no canonical revision for this kind/version
162,ACCT,6c789b57-957d-4dfc-9c29-0baae4bd3741,plan,plan:3530b9851f9d,1.0.0,active,true,docs_relative,docs/specs/obys-v4/match/plan.md,3530b9851f9d637604bb75f638cdf7a461d11ddf4829bf29ede259bf81af51a7,true,fc5030ad927ede68fef8891bce7d3f835fcce8d5a65f8ead6100fb01819cfa62,844,false,false,1,1,false,true,false,false,false,needs_canonical_import,"same kind/version revision exists, but path and hash differ (kind/version match only, not proof of same document)"
163,ACCT,6c789b57-957d-4dfc-9c29-0baae4bd3741,tasks,tasks:7d2eda235282,1.0.0,active,true,docs_relative,docs/specs/obys-v4/match/tasks.md,7d2eda2352822144b5b6171ae5adb24f51ce7f22838559b5f80f11fcc2b75304,true,86fd25ae9b50dfb95545275a2913db4e6ac7d92ef8a5c06631e80cd313c4b04b,408,false,false,1,1,false,true,false,false,false,needs_canonical_import,"same kind/version revision exists, but path and hash differ (kind/version match only, not proof of same document)"
164,ACCT,6c789b57-957d-4dfc-9c29-0baae4bd3741,spec,spec:969436852b9e,1.0.0,active,true,docs_relative,docs/specs/obys-v4/menu-detail/spec.md,969436852b9e0b45e53467be42fd6d154222af13e1bfa8180e52bb6eaa363a4f,true,16db6da38c879f1b299766a0a7150d8c0444f90a15df42fb75c4913621222bff,1079,false,false,1,1,false,false,false,false,false,needs_canonical_import,file ok; no canonical revision for this kind/version
165,ACCT,6c789b57-957d-4dfc-9c29-0baae4bd3741,plan,plan:35a4c1b1c06a,1.0.0,active,true,docs_relative,docs/specs/obys-v4/menu-detail/plan.md,35a4c1b1c06ad39f3323c6290f0836eb5cc5a245b494194da62c11ef084e3131,true,4fa2aabda6d4319a224347c4e2825f31afa99e7ac44edcdfd0fe597afa6dde2d,851,false,false,1,1,false,true,false,false,false,needs_canonical_import,"same kind/version revision exists, but path and hash differ (kind/version match only, not proof of same document)"
166,ACCT,6c789b57-957d-4dfc-9c29-0baae4bd3741,tasks,tasks:c45dd9719a4e,1.0.0,active,true,docs_relative,docs/specs/obys-v4/menu-detail/tasks.md,c45dd9719a4e9193b323a6a5e1b5b4bbba411fdf008a0599e28152b9d2cdce3a,true,ce35bff9451bed8891858697400ac66d6bbf687a18285b1d1a52cb9cbf527b92,431,false,false,1,1,false,true,false,false,false,needs_canonical_import,"same kind/version revision exists, but path and hash differ (kind/version match only, not proof of same document)"
167,ACCT,6c789b57-957d-4dfc-9c29-0baae4bd3741,spec,spec:ce8758ec0871,1.0.0,active,true,docs_relative,docs/specs/obys-v4/notification/spec.md,ce8758ec0871bc3c6b27269ae17611ae09c5b785a496a002b268492d98bfa799,true,f73d5b81dc669fd54816c50d2e143d9bf21c5b4b7679cd641cdf60809b93b60d,986,false,false,1,1,false,false,false,false,false,needs_canonical_import,file ok; no canonical revision for this kind/version
168,ACCT,6c789b57-957d-4dfc-9c29-0baae4bd3741,plan,plan:a78acdceb404,1.0.0,active,true,docs_relative,docs/specs/obys-v4/notification/plan.md,a78acdceb404834e7e15979a35070ed8f461184ffb67c3eb2f279251ad6d0f6c,true,624149f846f0858e3e9bce89a3d50fdb25fa8ccb494f5bca856457842539032d,799,false,false,1,1,false,true,false,false,false,needs_canonical_import,"same kind/version revision exists, but path and hash differ (kind/version match only, not proof of same document)"
169,ACCT,6c789b57-957d-4dfc-9c29-0baae4bd3741,tasks,tasks:a04c04d2fd64,1.0.0,active,true,docs_relative,docs/specs/obys-v4/notification/tasks.md,a04c04d2fd6402a35fc91ec65bf9409c7042aadca7905404da40751630a33d83,true,d622f7df5d7ee8d80f85ccab633c5e5bdfa75d7b9d0a0ee50c7a49f8be42d624,361,false,false,1,1,false,true,false,false,false,needs_canonical_import,"same kind/version revision exists, but path and hash differ (kind/version match only, not proof of same document)"
170,ACCT,6c789b57-957d-4dfc-9c29-0baae4bd3741,spec,spec:ec1adf6b3171,1.0.0,active,true,docs_relative,docs/specs/obys-v4/order-detail/spec.md,ec1adf6b317195b71476d1c661ae6508d563a8c0eb1519c743e6fb22fdedf486,true,7fafd12023bdcafe45d833ba265f7e4efd7e8deb3561227254934e3965aa54f3,1330,false,false,1,1,false,false,false,false,false,needs_canonical_import,file ok; no canonical revision for this kind/version
171,ACCT,6c789b57-957d-4dfc-9c29-0baae4bd3741,plan,plan:efc8d51032e9,1.0.0,active,true,docs_relative,docs/specs/obys-v4/order-detail/plan.md,efc8d51032e999aa964d5cf5c774255a2c9b2e05ad55acfbb3ab0599bccad285,true,b5310bebf136ee0f66bd9100aca5f74b17c2e82537d8220cc1eba50a078ab344,954,false,false,1,1,false,true,false,false,false,needs_canonical_import,"same kind/version revision exists, but path and hash differ (kind/version match only, not proof of same document)"
172,ACCT,6c789b57-957d-4dfc-9c29-0baae4bd3741,tasks,tasks:4be8c54edd2c,1.0.0,active,true,docs_relative,docs/specs/obys-v4/order-detail/tasks.md,4be8c54edd2c0e933163b666d68dab1512d7d5e9933b0b485501ca4f5262fa44,true,2b7931314b57584055cd1211cf9818ab4e47fb9a2b34841526ea19f6a89e52b2,542,false,false,1,1,false,true,false,false,false,needs_canonical_import,"same kind/version revision exists, but path and hash differ (kind/version match only, not proof of same document)"
173,ACCT,6c789b57-957d-4dfc-9c29-0baae4bd3741,spec,spec:ebc0288b6e46,1.0.0,active,true,docs_relative,docs/specs/obys-v4/receipt-upload/spec.md,ebc0288b6e46c2c33f2ffb2abf54dbaf5c1fd06b40e599c370840596241e95e7,true,4af2f1f0e1d14eae4a2801c7c226cd02c748a2130b8bf0371b783c0dce05f9d6,1247,false,false,1,1,false,false,false,false,false,needs_canonical_import,file ok; no canonical revision for this kind/version
174,ACCT,6c789b57-957d-4dfc-9c29-0baae4bd3741,plan,plan:8f84857d405c,1.0.0,active,true,docs_relative,docs/specs/obys-v4/receipt-upload/plan.md,8f84857d405ccfb7a1ecad2829485468c29b31a7bc05f39101d4b189e28acdf0,true,1d0697307ed3a8db9d1c60842306c8af56cb3dc18b4ee36ed03a6bdcc52f4c45,919,false,false,1,1,false,true,false,false,false,needs_canonical_import,"same kind/version revision exists, but path and hash differ (kind/version match only, not proof of same document)"
175,ACCT,6c789b57-957d-4dfc-9c29-0baae4bd3741,tasks,tasks:4f7a21df8c97,1.0.0,active,true,docs_relative,docs/specs/obys-v4/receipt-upload/tasks.md,4f7a21df8c974985ea45f5e667eee0bd92b7731d5118ef07da2ecf0b3bcbec4b,true,ff82d1b3f3ba55761ac635478b716c88b68fbf07c5b15e0b8d4b061267006e02,507,false,false,1,1,false,true,false,false,false,needs_canonical_import,"same kind/version revision exists, but path and hash differ (kind/version match only, not proof of same document)"
176,ACCT,6c789b57-957d-4dfc-9c29-0baae4bd3741,spec,spec:3c3155a84589,1.0.0,active,true,docs_relative,docs/specs/obys-v4/report/spec.md,3c3155a84589b513519f4a97bb31c6b437dc96bb2ef9ffe1d4958d53a60d72c2,true,0c451902a769b74a1ad91bbd91b6110112cfae6defbb45d6d1df8fbf9cc4a8b5,998,false,false,1,1,false,false,false,false,false,needs_canonical_import,file ok; no canonical revision for this kind/version
177,ACCT,6c789b57-957d-4dfc-9c29-0baae4bd3741,plan,plan:cc08b0367b27,1.0.0,active,true,docs_relative,docs/specs/obys-v4/report/plan.md,cc08b0367b274566b5a5fbe3cdb288786c631eb5923951937ebc0951cc941b40,true,72d8fc8534a4868c78af73c612039a6438bca8f5082387fd8b1bc19b2716948f,797,false,false,1,1,false,true,false,false,false,needs_canonical_import,"same kind/version revision exists, but path and hash differ (kind/version match only, not proof of same document)"
178,ACCT,6c789b57-957d-4dfc-9c29-0baae4bd3741,tasks,tasks:f329e38afb54,1.0.0,active,true,docs_relative,docs/specs/obys-v4/report/tasks.md,f329e38afb5410d39ff3834f72f6188c15cae56ce0ea495c715728e1b7959a54,true,0523aaf83b034629959f71dae0e7728ac39c5deece7e78bda1c9f328a5b104e6,363,false,false,1,1,false,true,false,false,false,needs_canonical_import,"same kind/version revision exists, but path and hash differ (kind/version match only, not proof of same document)"
179,ACCT,6c789b57-957d-4dfc-9c29-0baae4bd3741,spec,spec:6b774b88d11b,1.0.0,active,true,docs_relative,docs/specs/obys-v4/review/spec.md,6b774b88d11b89c74159ceb523a603978d248e0e66dd69edbfc55b1ef5d14c00,true,e41d8cb4c8ddde66e123fe7a709e06a7ad20d3f49feede05d0676b83f119cf61,1157,false,false,1,1,false,false,false,false,false,needs_canonical_import,file ok; no canonical revision for this kind/version
180,ACCT,6c789b57-957d-4dfc-9c29-0baae4bd3741,plan,plan:0abcb2d2e11d,1.0.0,active,true,docs_relative,docs/specs/obys-v4/review/plan.md,0abcb2d2e11d0abb7f0ccdace3d7783db47612049a9f6becdcb3ac1e5e68620b,true,3baa9b73308d9b2c46b287e356823acabee7ccd446d725982ef5844efaace6d6,849,false,false,1,1,false,true,false,false,false,needs_canonical_import,"same kind/version revision exists, but path and hash differ (kind/version match only, not proof of same document)"
181,ACCT,6c789b57-957d-4dfc-9c29-0baae4bd3741,tasks,tasks:68a53713d00f,1.0.0,active,true,docs_relative,docs/specs/obys-v4/review/tasks.md,68a53713d00fad31dbbdd6d489b68421c6d3194257b82293c0c4e244bc42f787,true,66acc357fc37092e45e17b9790107588da1f0f336482a25c6763423d17a9f90b,482,false,false,1,1,false,true,false,false,false,needs_canonical_import,"same kind/version revision exists, but path and hash differ (kind/version match only, not proof of same document)"
182,ACCT,6c789b57-957d-4dfc-9c29-0baae4bd3741,spec,spec:fe8ddd34082f,1.0.0,active,true,docs_relative,docs/specs/obys-v4/sales-channel-connect/spec.md,fe8ddd34082f7431c9ff2622e0eb7db778cc7a2c72d8638be5a66288521c0c89,true,5882c13d1b4319be6c3d9c77a013f5e0dec6893c428264573df240c8ae854263,1233,false,false,1,1,false,false,false,false,false,needs_canonical_import,file ok; no canonical revision for this kind/version
183,ACCT,6c789b57-957d-4dfc-9c29-0baae4bd3741,plan,plan:96df8cc701cd,1.0.0,active,true,docs_relative,docs/specs/obys-v4/sales-channel-connect/plan.md,96df8cc701cde0a46bdb4144a3090d5bc247ed4cce20c59f16a4693f594ed579,true,61a2829c84f3d575383e92c89ae4ed97bfc9f07484fefb7c4861c97e9d2d19f9,912,false,false,1,1,false,true,false,false,false,needs_canonical_import,"same kind/version revision exists, but path and hash differ (kind/version match only, not proof of same document)"
184,ACCT,6c789b57-957d-4dfc-9c29-0baae4bd3741,tasks,tasks:03cededc82ca,1.0.0,active,true,docs_relative,docs/specs/obys-v4/sales-channel-connect/tasks.md,03cededc82cad0b2bd12b5fd49824bf43aae89c5f1b013a51d25a0e1368fd065,true,0a6df5c117a1be651caff6ebf9afb3ec1705941fadd92f085c4096e85f193ceb,500,false,false,1,1,false,true,false,false,false,needs_canonical_import,"same kind/version revision exists, but path and hash differ (kind/version match only, not proof of same document)"
185,ACCT,6c789b57-957d-4dfc-9c29-0baae4bd3741,spec,spec:33859291121f,1.0.0,active,true,docs_relative,docs/specs/obys-v4/sales-detail/spec.md,33859291121f376e573f9cdb3316afc025a817560672c2a9934e681f8509acd0,true,9ea7362716e87ad55942cbfce351ff2af0d155f3b16059c5ee703ab3edc42711,1115,false,false,1,1,false,false,false,false,false,needs_canonical_import,file ok; no canonical revision for this kind/version
186,ACCT,6c789b57-957d-4dfc-9c29-0baae4bd3741,plan,plan:1622934f0c89,1.0.0,active,true,docs_relative,docs/specs/obys-v4/sales-detail/plan.md,1622934f0c8936177ce6cd7167e83fcf591db81ac11a07d6cbcdf71c971dac32,true,32a4962ae6bbf18d1781c8405c071f6677aedada5ba574753a0d82524ff642e8,855,false,false,1,1,false,true,false,false,false,needs_canonical_import,"same kind/version revision exists, but path and hash differ (kind/version match only, not proof of same document)"
187,ACCT,6c789b57-957d-4dfc-9c29-0baae4bd3741,tasks,tasks:9174c8739dfa,1.0.0,active,true,docs_relative,docs/specs/obys-v4/sales-detail/tasks.md,9174c8739dfa6f0f8befc18c18e12280d0697405c0b01640e048c21107738c9b,true,92419d5e3370aad792905f395f211c8fbd47fb10a67875417159f412c924a5e9,449,false,false,1,1,false,true,false,false,false,needs_canonical_import,"same kind/version revision exists, but path and hash differ (kind/version match only, not proof of same document)"
188,ACCT,6c789b57-957d-4dfc-9c29-0baae4bd3741,spec,spec:7357c0b9f798,1.0.0,active,true,docs_relative,docs/specs/obys-v4/signature-progress/spec.md,7357c0b9f7987839d29fcc5d7e07de9f1f5d4c4abec6e67721e9cf6a3a2a14e7,true,3bae38366b34946542fea09acd69ee9797141d7487366d99020ed578078a34b9,996,false,false,1,1,false,false,false,false,false,needs_canonical_import,file ok; no canonical revision for this kind/version
189,ACCT,6c789b57-957d-4dfc-9c29-0baae4bd3741,plan,plan:71b635dc466d,1.0.0,active,true,docs_relative,docs/specs/obys-v4/signature-progress/plan.md,71b635dc466d25eaf528d236950dab6fb2c71e2eda840b2866a868e7e9daa2ab,true,d435d3a6a2db1683073c43ece5b06d7ba6ca77e810733d3f07743b0848f44049,807,false,false,1,1,false,true,false,false,false,needs_canonical_import,"same kind/version revision exists, but path and hash differ (kind/version match only, not proof of same document)"
190,ACCT,6c789b57-957d-4dfc-9c29-0baae4bd3741,tasks,tasks:f6531ba5175b,1.0.0,active,true,docs_relative,docs/specs/obys-v4/signature-progress/tasks.md,f6531ba5175bb3d0aed7a6f72b6fdca1aca6af894d2337330deb76794aeb4ce1,true,b4385c64b60f2fdde69c3d8f5df2dfc2f453de7ffe770fc194fd08216ea8dba0,371,false,false,1,1,false,true,false,false,false,needs_canonical_import,"same kind/version revision exists, but path and hash differ (kind/version match only, not proof of same document)"
191,ACCT,6c789b57-957d-4dfc-9c29-0baae4bd3741,spec,spec:c4a00cfe43c4,1.0.0,active,true,docs_relative,docs/specs/obys-v4/supplier-connect/spec.md,c4a00cfe43c4632befd7631fb12964e9123b51b62499c9b280e7e5f862e12157,true,9c4cf8d2bcf3433162c1b63984a21203dd4803b370c106269bcb4d27dd373955,1225,false,false,1,1,false,false,false,false,false,needs_canonical_import,file ok; no canonical revision for this kind/version
192,ACCT,6c789b57-957d-4dfc-9c29-0baae4bd3741,plan,plan:2a1da8ff2fb9,1.0.0,active,true,docs_relative,docs/specs/obys-v4/supplier-connect/plan.md,2a1da8ff2fb9b03f040973b6e105140cb24fa7c951a9b6c1dd35df7e11ab2df1,true,4eb0ac21921e18e418d5ea1acdee420394d6d4e62f32d7f33ce62add8af9b052,907,false,false,1,1,false,true,false,false,false,needs_canonical_import,"same kind/version revision exists, but path and hash differ (kind/version match only, not proof of same document)"
193,ACCT,6c789b57-957d-4dfc-9c29-0baae4bd3741,tasks,tasks:a1774c2a373e,1.0.0,active,true,docs_relative,docs/specs/obys-v4/supplier-connect/tasks.md,a1774c2a373e4b3e2310500b30188256ee74dac8a13670d7b0425e7007cad8b3,true,ef505b8c6695c4b0635eab2474c518af52bbdd8f88e64b996d76ec26d17e011e,495,false,false,1,1,false,true,false,false,false,needs_canonical_import,"same kind/version revision exists, but path and hash differ (kind/version match only, not proof of same document)"
194,ACCT,6c789b57-957d-4dfc-9c29-0baae4bd3741,spec,spec:cc92dad1f158,1.0.0,active,true,docs_relative,docs/specs/obys-v4/task/spec.md,cc92dad1f158994b863e87d86a21bab37ee03408546c0de8d252056967ecc620,true,0c77a46adc95233d205084aaf5634fc503c86c3772ed87c1e33330b0859cee3e,1233,false,false,1,1,false,false,false,false,false,needs_canonical_import,file ok; no canonical revision for this kind/version
195,ACCT,6c789b57-957d-4dfc-9c29-0baae4bd3741,plan,plan:72eb210ac778,1.0.0,active,true,docs_relative,docs/specs/obys-v4/task/plan.md,72eb210ac7788930ef99ac7f9af3375c411f93e9db75f2d990ebeefe6bcece11,true,2361426ec7785969377827a680457d4446ac728e8ffe5f5103ddf35f4fb5ad15,920,false,false,1,1,false,true,false,false,false,needs_canonical_import,"same kind/version revision exists, but path and hash differ (kind/version match only, not proof of same document)"
196,ACCT,6c789b57-957d-4dfc-9c29-0baae4bd3741,tasks,tasks:7da7e4fa05a8,1.0.0,active,true,docs_relative,docs/specs/obys-v4/task/tasks.md,7da7e4fa05a8261405b78688e0904b35dfef46c5557ded0274988c9db79c6d35,true,c169637f34c285b06609289b8f5cd4f30ae0aa00b16570f634ea46bd48ea1012,508,false,false,1,1,false,true,false,false,false,needs_canonical_import,"same kind/version revision exists, but path and hash differ (kind/version match only, not proof of same document)"
197,ACCT,6c789b57-957d-4dfc-9c29-0baae4bd3741,spec,spec:0800a04a86ca,1.0.0,active,true,docs_relative,docs/specs/obys-v4/tax-agent-approval/spec.md,0800a04a86caf4bc20cb5271a228c1d1b0f2c000430c1f33e0b14a0c60093415,true,c28001c914fd0fa08e3f7c344f6cb61673f5006170642c2511a45ddbd8f77ef0,1000,false,false,1,1,false,false,false,false,false,needs_canonical_import,file ok; no canonical revision for this kind/version
198,ACCT,6c789b57-957d-4dfc-9c29-0baae4bd3741,plan,plan:269551475f12,1.0.0,active,true,docs_relative,docs/specs/obys-v4/tax-agent-approval/plan.md,269551475f1268f1be3850034269d77a2805307ab6a78997fd6d4e592d810a0c,true,48054b755324c004d3df9a9847517b6dffd5c028d7d9ff9cc15355619ed9650f,809,false,false,1,1,false,true,false,false,false,needs_canonical_import,"same kind/version revision exists, but path and hash differ (kind/version match only, not proof of same document)"
199,ACCT,6c789b57-957d-4dfc-9c29-0baae4bd3741,tasks,tasks:be27d391be85,1.0.0,active,true,docs_relative,docs/specs/obys-v4/tax-agent-approval/tasks.md,be27d391be858761a50875057627b3237e71e610ab372094ac1c071ab7731ed0,true,b0823f2698cc8f36c4158f735ceb53f32d0432fa15a778b717b82a1fd72afddb,375,false,false,1,1,false,true,false,false,false,needs_canonical_import,"same kind/version revision exists, but path and hash differ (kind/version match only, not proof of same document)"
200,ACCT,6c789b57-957d-4dfc-9c29-0baae4bd3741,spec,spec:b264a8357e10,1.0.0,active,true,docs_relative,docs/specs/obys-v4/tax-connect/spec.md,b264a8357e10da8c0a064a930a4aa1fc1c3237fe5c8cf2b58d23c417077290ca,true,136f7dbfeb128668f243d786259760ef051e4b819bcf850c76e741ad524574c4,1047,false,false,1,1,false,false,false,false,false,needs_canonical_import,file ok; no canonical revision for this kind/version
201,ACCT,6c789b57-957d-4dfc-9c29-0baae4bd3741,plan,plan:f5f01298359c,1.0.0,active,true,docs_relative,docs/specs/obys-v4/tax-connect/plan.md,f5f01298359c55756c245a24f38e70a01115b659875fff443e13aef20cdfd936,true,55a6ca4c46b4b9ea5c933d3357922ca60bb9785e5594df88365592286013251b,846,false,false,1,1,false,true,false,false,false,needs_canonical_import,"same kind/version revision exists, but path and hash differ (kind/version match only, not proof of same document)"
202,ACCT,6c789b57-957d-4dfc-9c29-0baae4bd3741,tasks,tasks:92e9214e25e7,1.0.0,active,true,docs_relative,docs/specs/obys-v4/tax-connect/tasks.md,92e9214e25e7f849fc26381517bfcf0132e0c9aab77e33f05261e6b6ff0fd184,true,ce450e10cd4ce39d3f38973aeeea85af9a9affb86787805cfd68543ff1a98d19,409,false,false,1,1,false,true,false,false,false,needs_canonical_import,"same kind/version revision exists, but path and hash differ (kind/version match only, not proof of same document)"
203,ACCT,6c789b57-957d-4dfc-9c29-0baae4bd3741,spec,spec:6b6bed6b6c40,1.0.0,active,true,docs_relative,docs/specs/obys-v4/tax-return-preview/spec.md,6b6bed6b6c4007111062785e32145b3bccf49a27b54b64a06444a46c3227dc83,true,90348af5d43856fbabd08fd51ac0efd919ded938bf8afabf4930ca654232f80a,1239,false,false,1,1,false,false,false,false,false,needs_canonical_import,file ok; no canonical revision for this kind/version
204,ACCT,6c789b57-957d-4dfc-9c29-0baae4bd3741,plan,plan:9a40ecfa73d1,1.0.0,active,true,docs_relative,docs/specs/obys-v4/tax-return-preview/plan.md,9a40ecfa73d1484444ce797953714599dc7bd7790d6a629c2f3bc83e07d63e17,true,5e2abac6c04ff1bffe9cf74891d3377f5941fda01fc74b0c5e6dd7539f8322ab,923,false,false,1,1,false,true,false,false,false,needs_canonical_import,"same kind/version revision exists, but path and hash differ (kind/version match only, not proof of same document)"
205,ACCT,6c789b57-957d-4dfc-9c29-0baae4bd3741,tasks,tasks:34827a83f643,1.0.0,active,true,docs_relative,docs/specs/obys-v4/tax-return-preview/tasks.md,34827a83f643f3bb23c9038b79ae7d4a5164f4bcfd36f43574d69eb2bed5b6b2,true,7337332c29d44ce7f4ea1d9ad791af2fb6389338275e7706fed55276c296248a,511,false,false,1,1,false,true,false,false,false,needs_canonical_import,"same kind/version revision exists, but path and hash differ (kind/version match only, not proof of same document)"
206,ACCT,6c789b57-957d-4dfc-9c29-0baae4bd3741,spec,spec:55ffe7fe1ee7,1.0.0,active,true,docs_relative,docs/specs/obys-v4/vat-ledger/spec.md,55ffe7fe1ee723a20c392bcb5f94a6ce0dc57cd2a6050cd40ea43a0a5ec4cb5f,true,a9ebb7bbc8855d6d9216bb940d3843a490e8d2fd1c9f25577a32cb3eaa7c6183,1054,false,false,1,1,false,false,false,false,false,needs_canonical_import,file ok; no canonical revision for this kind/version
207,ACCT,6c789b57-957d-4dfc-9c29-0baae4bd3741,plan,plan:eaa2814eafbd,1.0.0,active,true,docs_relative,docs/specs/obys-v4/vat-ledger/plan.md,eaa2814eafbda4a7df71acfee9c8267f5e07b58ddf714fad8609a38e62f7d37c,true,ed044749640f043da4b448ccacbae6a6e7ff8e6ac982b62d829d452359a07062,858,false,false,1,1,false,true,false,false,false,needs_canonical_import,"same kind/version revision exists, but path and hash differ (kind/version match only, not proof of same document)"
208,ACCT,6c789b57-957d-4dfc-9c29-0baae4bd3741,tasks,tasks:6837ed160c9c,1.0.0,active,true,docs_relative,docs/specs/obys-v4/vat-ledger/tasks.md,6837ed160c9cf6b8ad43e308fa4aaaeb87cf1ec4a4744a0c87247ae835a6128b,true,d7a938a4ca9b46c27aad6cf8cdc8069c93b1cda357f0a55fdd8241975943a440,422,false,false,1,1,false,true,false,false,false,needs_canonical_import,"same kind/version revision exists, but path and hash differ (kind/version match only, not proof of same document)"
209,ACCT,6c789b57-957d-4dfc-9c29-0baae4bd3741,spec,spec:852b3df71266,1.0.0,active,true,docs_relative,docs/specs/obys-v4/withholding-ledger/spec.md,852b3df71266253dc495b125dacdfa8acf1fcb3249816d9f0b6517f58822019b,true,c0a75ca08b22d375e14eea149146aa3c9c83ff3e9c1982fff6704759172cbbb0,1061,false,false,1,1,false,false,false,false,false,needs_canonical_import,file ok; no canonical revision for this kind/version
210,ACCT,6c789b57-957d-4dfc-9c29-0baae4bd3741,plan,plan:22f5e6f0af4d,1.0.0,active,true,docs_relative,docs/specs/obys-v4/withholding-ledger/plan.md,22f5e6f0af4ddb462d6e94a70b7800ccedd2389255660483d636c7053038ed3d,true,eff99d0bab0c20aaabb9b1a222dd04b35d9cac48aa2e175df11484fc40a932db,866,false,false,1,1,false,true,false,false,false,needs_canonical_import,"same kind/version revision exists, but path and hash differ (kind/version match only, not proof of same document)"
211,ACCT,6c789b57-957d-4dfc-9c29-0baae4bd3741,tasks,tasks:7ce758489deb,1.0.0,active,true,docs_relative,docs/specs/obys-v4/withholding-ledger/tasks.md,7ce758489deb52bb362b0d826af01ee943ef3d3f33fb87f7960b307b6a74ceb3,true,33bfa883044f2993977c1cb78a971aeddf0d3f7c58f8a1d86eed3a42f5592783,430,false,false,1,1,false,true,false,false,false,needs_canonical_import,"same kind/version revision exists, but path and hash differ (kind/version match only, not proof of same document)"
212,AADS,d17c7a5e-0923-4a00-8000-000000000001,prd,prd:d17c7a5e-planning-m7-m11,1.0.0,active,true,docs_relative,docs/prd/20260923_PLANNING_CONVERSATION_REVIEW_PRD.md,ef937b0cdd08c01ece6fbb14bece629950f4ba83aa591aedb7561f4faa6dcea0,true,765183af786cc10068b0c1d70fc1010f6c63300c2a703694c5f866f88bacf630,27386,false,false,1,1,false,true,false,false,false,needs_canonical_import,"same kind/version revision exists, but path and hash differ (kind/version match only, not proof of same document)"
214,AADS,df479771-f250-4a11-90a3-220432da2bfa,prd,prd:obys-full-migration-jinah,1.2.0,active,true,docs_relative,docs/prd/20260923_OBYS_FULL_MIGRATION_JINAH_PRD.md,633a25f9e7e004f3958fcaf60e992b8a619b43a72966127ac67796ef0f1db1ce,true,a8474d7cd6c77ca45292e8db70aa429190e73dfd26db64b21af24282a3146d2e,49890,false,false,1,1,false,false,false,false,false,needs_canonical_import,file ok; no canonical revision for this kind/version
215,AADS,df479771-f250-4a11-90a3-220432da2bfa,prd,prd:obys-full-migration-jinah-m1,1.0.0,active,true,docs_relative,docs/prd/20260923_OBYS_MIGRATION_M1_PRD.md,97a30950fbdc6c05db70e0e1f9df14fb36dc9b9447f4665cd318957e292b342a,true,57935867d83ec1d24532537e8ae75df071a61ed1e20ca9766cb49f004fc12a61,3342,false,false,1,1,false,true,false,false,false,needs_canonical_import,"same kind/version revision exists, but path and hash differ (kind/version match only, not proof of same document)"
216,AADS,df479771-f250-4a11-90a3-220432da2bfa,prd,prd:obys-full-migration-jinah-m2,1.0.0,active,true,docs_relative,docs/prd/20260923_OBYS_MIGRATION_M2_PRD.md,a79da8ae60fdd1a733e150cb42773e6ed116081c4d3c411d59bc0d13de561b9f,true,3c4491e228256be386161a802af485e64c87ecc39a3931ebccbdfe624f414899,2378,false,false,1,1,false,true,false,false,false,needs_canonical_import,"same kind/version revision exists, but path and hash differ (kind/version match only, not proof of same document)"
217,AADS,df479771-f250-4a11-90a3-220432da2bfa,prd,prd:obys-full-migration-jinah-m3,1.0.0,active,true,docs_relative,docs/prd/20260923_OBYS_MIGRATION_M3_PRD.md,f01bdccfa031a3b57e9904b8dc35fe8224c26f42377f60d06cb3fee83adb3d95,true,bd7e7035a9b05059d687e3263acc8ab01e86bc14e23962a467ff4dc0dfaedc6e,2360,false,false,1,1,false,true,false,false,false,needs_canonical_import,"same kind/version revision exists, but path and hash differ (kind/version match only, not proof of same document)"
218,AADS,df479771-f250-4a11-90a3-220432da2bfa,prd,prd:obys-full-migration-jinah-m4,1.0.0,active,true,docs_relative,docs/prd/20260923_OBYS_MIGRATION_M4_PRD.md,f1e09cc9fef052d0c5848c3add511c1b45ea6ae0580b0c69a0a05a8a96aa5b66,true,c202121693e0aa1161d29cc31aebb9180f991eb0d6f2dc013a78f26057f3d48f,1650,false,false,1,1,false,true,false,false,false,needs_canonical_import,"same kind/version revision exists, but path and hash differ (kind/version match only, not proof of same document)"
219,AADS,df479771-f250-4a11-90a3-220432da2bfa,prd,prd:obys-full-migration-jinah-m5,1.0.0,active,true,docs_relative,docs/prd/20260923_OBYS_MIGRATION_M5_PRD.md,592db233c6f381b0dd9b9cdbe943308658dea4d63fdc55b537dc2910b5444cb6,true,0e6cfe088881fb5cf5689bb18248bd7024a6f5ab5b86be5b1ef71fbe3fc3302e,1522,false,false,1,1,false,true,false,false,false,needs_canonical_import,"same kind/version revision exists, but path and hash differ (kind/version match only, not proof of same document)"
220,AADS,df479771-f250-4a11-90a3-220432da2bfa,prd,prd:obys-full-migration-jinah-m6,1.0.0,active,true,docs_relative,docs/prd/20260923_OBYS_MIGRATION_M6_PRD.md,9e8244e1d7839e93bcabf7bc104ffc5b67e8afa06270672a4d644024035632af,true,e5bf127155f9ce43813966d00b7b2e18068b01cffbcb9ed60e3a1fc57f0775f7,1299,false,false,1,1,false,true,false,false,false,needs_canonical_import,"same kind/version revision exists, but path and hash differ (kind/version match only, not proof of same document)"
221,ACCT,6c789b57-957d-4dfc-9c29-0baae4bd3741,prd,prd:77bf5cd085a9,1.0.0,active,true,docs_relative,docs/PRD-OBYS-MOCKUP-V3-DETAIL-PAGES.md,77bf5cd085a91bec9a51b1bdca1b5f9590f48cf7b0a247088134c871c501b82e,true,9a39633505b576699fc2c4399b758383630b3724e3df4a27fa245a96eab60dfa,9580,false,false,1,1,false,true,false,false,false,needs_canonical_import,"same kind/version revision exists, but path and hash differ (kind/version match only, not proof of same document)"
222,ACCT,6c789b57-957d-4dfc-9c29-0baae4bd3741,plan,plan:063f667078da,1.0.0,active,true,docs_relative,docs/specs/obys-v4/roadmap.md,063f667078dab5b518808fa54ff32c4d7d6bdcf3db5dfcf09b37ec7c00ac4b56,true,6c65d40ab0c162f5ceb4cded547f6b35811751fee58e88195d59b7b574cfc31c,9627,false,false,1,1,false,true,false,false,false,needs_canonical_import,"same kind/version revision exists, but path and hash differ (kind/version match only, not proof of same document)"
223,ACCT,6c789b57-957d-4dfc-9c29-0baae4bd3741,contract,contract:15601e9dc980,1.0.0,active,true,docs_relative,docs/specs/obys-v4/owner-decision-20260922.md,15601e9dc980b0f67b623aa9be00f75273082e6b0d51a83819cdcb5744af9e7d,true,c4fd11e56adc667edb2cd901b80fbb78dc7c94e1c228926f79b94b773e791df2,7522,false,false,1,1,false,false,false,false,false,needs_canonical_import,file ok; no canonical revision for this kind/version
224,AADS,96b3f82a-1b28-43e1-a96b-8fea24c7f196,spec,spec:aads-layout-004-m9-equivalence-trial,1.0.0,active,true,docs_relative,docs/AADS-LAYOUT-004_M9-EQUIVALENCE-TRIAL-DESIGN.md,440f96d8705e7f53ad3fd9591f0183c49726bcec0e0bfa3c024bf58666b01195,true,f70dfb5b5d6375d87c6adb3916e9777c4983fc7bd3a1285607bc6ebf20458067,14123,false,false,1,1,false,false,false,false,false,needs_canonical_import,file ok; no canonical revision for this kind/version
225,ACCT,9ad28bc7-3d69-49e5-9759-31371560c960,prd,OBYS-CAFE24-CONSOLIDATION-PRD-20261002,1.1.0,active,true,external_url,,1699b925ce02bae9456984677a8de498619fb711b68830b1b7594fed75affd48,n/a,,,n/a,n/a,1,1,false,true,n/a,n/a,false,path_not_allowed,path class external_url: canonical accepts only public docs/ or reports/ paths
226,ACCT,9ad28bc7-3d69-49e5-9759-31371560c960,plan,OBYS-CAFE24-CONSOLIDATION-PLAN-20261002,1.1.0,active,true,external_url,,ba71a839192dec2ff8d531716370277ae7b86df59e095319f5ed6f80ae43836a,n/a,,,n/a,n/a,1,1,false,true,n/a,n/a,false,path_not_allowed,path class external_url: canonical accepts only public docs/ or reports/ paths
227,ACCT,9ad28bc7-3d69-49e5-9759-31371560c960,tasks,OBYS-CAFE24-CONSOLIDATION-TASKS-20261002,1.1.0,active,true,external_url,,07cbf3eae1c88ed7336aec770611ceede8efadc10be3f9f798b1e08870f2a9f4,n/a,,,n/a,n/a,1,1,false,true,n/a,n/a,false,path_not_allowed,path class external_url: canonical accepts only public docs/ or reports/ paths
