"requirement_id","document_key","doc_revision_id","doc_revision","doc_sha256","section","requirement","responsible_project_repo","code_location","aag_evidence","test_evidence","test_result","static_verdict","operational_reflection","priority","dependency","gap_note"
"C-S1-01","contract:b4ad294d9869","ebda53f5-91b9-4517-a3c3-40c76540fb30","1","2651d430221d2540d645469b9b4e66e1fb52335070a6f5779cd820ada9d90df7","§1 신뢰 경계","evaluator/executor 는 service identity·DB role·배포 권한·서명키 접근을 공유하지 않는다","AADS/aads-server","배포·인프라 수준(저장소 밖); 코드: app/services/goal_policy_foundation.py:259 SigningKey(단일 모듈, 단일 secret)","AAG DB 스냅샷 3d2432db stale/not_proven/negative_assertion_allowed=false/coverage 0/0 -> 최신 충족·미구현 단정 불가 | AAG 범위 밖(shell/정책/프로세스/문서 사실) - 직접 소스 조사만","(없음)","NO_TEST","UNVERIFIED","미검증","P1","인프라/DB role/배포 구성(저장소 밖)","코드는 두 역할을 분리 강제하지 않음. 분리 여부는 운영 구성 사실이라 이 조사로 확인 불가."
"C-S1-02","contract:b4ad294d9869","ebda53f5-91b9-4517-a3c3-40c76540fb30","1","2651d430221d2540d645469b9b4e66e1fb52335070a6f5779cd820ada9d90df7","§1 신뢰 경계","executor 는 서명 검증용 키(공개키/검증키)만 접근한다","AADS/aads-server","app/services/goal_policy_foundation.py:286 sign_envelope / app/services/goal_policy_foundation.py:290 verify_envelope_signature (HMAC-SHA-256 대칭키)","AAG DB 스냅샷 3d2432db stale/not_proven/negative_assertion_allowed=false/coverage 0/0 -> 최신 충족·미구현 단정 불가 | 로컬 격리 rescan@520b5326 scanner v1.1(coverage 객체 없음): goal_policy_foundation.py->table:goal_policy_decisions·goal_auto_approval_use_reservations edge(defined=true)","(없음)","NO_TEST","MISMATCH","미검증","P1","계약 §2 signature_algorithm='implementation-approved' 의 구현 선택","HMAC 대칭키라 검증자가 서명 능력도 가진다. '검증키만' 문구와 구조적으로 불일치(비대칭 서명 또는 계약 명확화 필요). 계약은 §5에서 '서명/MAC' 허용."
"C-S1-03","contract:b4ad294d9869","ebda53f5-91b9-4517-a3c3-40c76540fb30","1","2651d430221d2540d645469b9b4e66e1fb52335070a6f5779cd820ada9d90df7","§1 신뢰 경계","executor 네트워크는 승인된 tool/executor allowlist, evaluator 는 policy store·primary DB 로 제한","AADS/aads-server","네트워크 구성(저장소 밖)","AAG DB 스냅샷 3d2432db stale/not_proven/negative_assertion_allowed=false/coverage 0/0 -> 최신 충족·미구현 단정 불가 | AAG 범위 밖(shell/정책/프로세스/문서 사실) - 직접 소스 조사만","(없음)","NO_TEST","UNVERIFIED","미검증","P2","인프라 네트워크 정책","코드 증거 없음."
"C-S1-04","contract:b4ad294d9869","ebda53f5-91b9-4517-a3c3-40c76540fb30","1","2651d430221d2540d645469b9b4e66e1fb52335070a6f5779cd820ada9d90df7","§1 신뢰 경계","evaluator 는 모든 평가 결과를 동기 기록한다(감사 책임)","AADS/aads-server","app/services/goal_policy_foundation.py:356 evaluate_and_persist (INSERT goal_policy_decisions 를 await)","AAG DB 스냅샷 3d2432db stale/not_proven/negative_assertion_allowed=false/coverage 0/0 -> 최신 충족·미구현 단정 불가 | 로컬 격리 rescan@520b5326 scanner v1.1(coverage 객체 없음): goal_policy_foundation.py->table:goal_policy_decisions·goal_auto_approval_use_reservations edge(defined=true)","tests/unit/test_goal_policy_foundation_w14f.py::test_t38_ledger_failure_never_returns_auto","PASS","MATCH","production DB 읽기전용 SELECT(2026-10-03): W-14F 테이블 존재·전부 0행(goal_policy_decisions=0 등) - 운영 AUTO 결정 사례 없음, 실가동 미검증","P1","운영 호출 경로 연결 필요","함수 수준 MATCH. 단 app/ 에서 evaluate_and_persist 호출처가 없다(테스트 전용, 직접 grep) -> 운영 경로에서 결정 행이 생성되지 않음(운영 0행과 일치)."
"C-S1-05","contract:b4ad294d9869","ebda53f5-91b9-4517-a3c3-40c76540fb30","1","2651d430221d2540d645469b9b4e66e1fb52335070a6f5779cd820ada9d90df7","§1 신뢰 경계","executor 는 임의 문자열 AUTO 를 신뢰하지 않고 envelope 의 서명·hash·version·epoch 를 검증한다","AADS/aads-server","app/services/goal_policy_foundation.py:470 verify_immediately_before_execution; 호출 app/services/goal_workflow_approval.py:530 execute_change_set","AAG DB 스냅샷 3d2432db stale/not_proven/negative_assertion_allowed=false/coverage 0/0 -> 최신 충족·미구현 단정 불가 | 로컬 격리 rescan@520b5326 scanner v1.1(coverage 객체 없음): goal_policy_foundation.py->table:goal_policy_decisions·goal_auto_approval_use_reservations edge(defined=true)","tests/unit/test_goal_policy_foundation_w14f.py::test_executor_rejects_changed_epochs, ::test_mutable_epoch_tampering_breaks_the_envelope_signature, ::test_all_execution_authoritative_fields_are_signed","PASS (run_unit_tests.sh 105 passed, goal_policy_*/goal_workflow_approval/goal_work_hierarchy_*)","MATCH","production DB 읽기전용 SELECT(2026-10-03): W-14F 테이블 존재·전부 0행(goal_policy_decisions=0 등) - 운영 AUTO 결정 사례 없음, 실가동 미검증","P0","-",""
"C-S2-01","contract:b4ad294d9869","ebda53f5-91b9-4517-a3c3-40c76540fb30","1","2651d430221d2540d645469b9b4e66e1fb52335070a6f5779cd820ada9d90df7","§2 envelope","envelope 는 계약 정의 필드(decision_id~signature, 33종)를 모두 포함한다","AADS/aads-server","app/services/goal_policy_foundation.py:356-430 envelope dict(계약 필드 전부 + patch_hash·tenant_id 등 추가 필드)","AAG DB 스냅샷 3d2432db stale/not_proven/negative_assertion_allowed=false/coverage 0/0 -> 최신 충족·미구현 단정 불가 | 로컬 격리 rescan@520b5326 scanner v1.1(coverage 객체 없음): goal_policy_foundation.py->table:goal_policy_decisions·goal_auto_approval_use_reservations edge(defined=true)","tests/unit/test_goal_policy_foundation_w14f.py::test_all_execution_authoritative_fields_are_signed","PASS","MATCH","미검증","P1","-","추가 필드(target_version, epoch 5종, signature_key_id/version)는 계약 외 확장. policy_version 타입은 계약 예시(int)와 다르게 UUID 문자열로 다룸(예시값 수준 차이)."
"C-S2-02","contract:b4ad294d9869","ebda53f5-91b9-4517-a3c3-40c76540fb30","1","2651d430221d2540d645469b9b4e66e1fb52335070a6f5779cd820ada9d90df7","§2 envelope","열거값 도메인(boundary 2, route 7, eligibility 4, tier A0-A3, result 4)이 계약과 같다","AADS/aads-server","app/services/goal_policy_foundation.py:44-72 StrEnum 4종, :33 _RISK_ORDER","AAG DB 스냅샷 3d2432db stale/not_proven/negative_assertion_allowed=false/coverage 0/0 -> 최신 충족·미구현 단정 불가 | 로컬 격리 rescan@520b5326 scanner v1.1(coverage 객체 없음): goal_policy_foundation.py->table:goal_policy_decisions·goal_auto_approval_use_reservations edge(defined=true)","tests/unit/test_goal_policy_foundation_w14f.py::test_engine_deny_is_authoritative_and_never_auto","PASS","MATCH","미검증","P2","-",""
"C-S3-01","contract:b4ad294d9869","ebda53f5-91b9-4517-a3c3-40c76540fb30","1","2651d430221d2540d645469b9b4e66e1fb52335070a6f5779cd820ada9d90df7","§3 canonical mapping","A0/A1/A2 위험등급이 경계·자동화·기본경로·grant 요건으로 매핑된다","AADS/aads-server","app/services/goal_policy_foundation.py:313 EvaluationRequest(boundary_decision/automation_eligibility/approval_route 를 호출자가 입력), :300 derive_result","AAG DB 스냅샷 3d2432db stale/not_proven/negative_assertion_allowed=false/coverage 0/0 -> 최신 충족·미구현 단정 불가 | 로컬 격리 rescan@520b5326 scanner v1.1(coverage 객체 없음): goal_policy_foundation.py->table:goal_policy_decisions·goal_auto_approval_use_reservations edge(defined=true)","(A0-A2 매핑표 자체를 검증하는 테스트 없음)","NO_TEST","MISMATCH","미검증","P1","호출자(정책 평가 엔진) 구현","risk_tier -> eligibility/route 매핑을 코드가 도출하지 않고 요청 값으로 받는다. 코드가 강제하는 것은 A3·mandatory-human 뿐. A1 에 BASELINE_AUTO 가 입력되면 AUTO 가 될 수 있음(호출자 책임)."
"C-S3-02","contract:b4ad294d9869","ebda53f5-91b9-4517-a3c3-40c76540fb30","1","2651d430221d2540d645469b9b4e66e1fb52335070a6f5779cd820ada9d90df7","§3 canonical mapping","A3 는 MANDATORY_HUMAN + CEO_APPROVAL 이며 grant 발급·자동승인 금지","AADS/aads-server","app/services/goal_policy_foundation.py:376-383 (A3 또는 action_requires_mandatory_human -> MANDATORY_HUMAN/CEO_APPROVAL), :470 verify(a3_requires_human)","AAG DB 스냅샷 3d2432db stale/not_proven/negative_assertion_allowed=false/coverage 0/0 -> 최신 충족·미구현 단정 불가 | 로컬 격리 rescan@520b5326 scanner v1.1(coverage 객체 없음): goal_policy_foundation.py->table:goal_policy_decisions·goal_auto_approval_use_reservations edge(defined=true)","tests/unit/test_goal_policy_foundation_w14f.py::test_a3_is_always_mandatory_human_and_signed_envelope_is_tamper_evident","PASS","MATCH","미검증","P0","-","grant '발급' 금지는 grant 발급 경로(goal_workflow_approval.py:704 부근) 에서 A3 거절 여부를 이 조사에서 확인하지 못함 - 자동 '실행'은 차단됨."
"C-S3-03","contract:b4ad294d9869","ebda53f5-91b9-4517-a3c3-40c76540fb30","1","2651d430221d2540d645469b9b4e66e1fb52335070a6f5779cd820ada9d90df7","§3 canonical mapping","경계 위반은 DENY/NOT_EXECUTABLE/경로 없음이며 우회 불가","AADS/aads-server","app/services/goal_policy_foundation.py:300 derive_result(DENY 선판정), :371-374","AAG DB 스냅샷 3d2432db stale/not_proven/negative_assertion_allowed=false/coverage 0/0 -> 최신 충족·미구현 단정 불가 | 로컬 격리 rescan@520b5326 scanner v1.1(coverage 객체 없음): goal_policy_foundation.py->table:goal_policy_decisions·goal_auto_approval_use_reservations edge(defined=true)","tests/unit/test_goal_policy_foundation_w14f.py::test_engine_deny_is_authoritative_and_never_auto, ::test_t57_cross_project_boundary_is_deny_not_approval","PASS","MATCH","미검증","P0","-",""
"C-S3-04","contract:b4ad294d9869","ebda53f5-91b9-4517-a3c3-40c76540fb30","1","2651d430221d2540d645469b9b4e66e1fb52335070a6f5779cd820ada9d90df7","§3 canonical mapping","복수 grant 합성 금지","AADS/aads-server","app/services/goal_policy_foundation.py:565 reserve_single_grant(단일 grant 만 UPDATE), app/services/goal_workflow_approval.py:852 grant 선택 LIMIT 1","AAG DB 스냅샷 3d2432db stale/not_proven/negative_assertion_allowed=false/coverage 0/0 -> 최신 충족·미구현 단정 불가 | 로컬 격리 rescan@520b5326 scanner v1.1(coverage 객체 없음): goal_policy_foundation.py->table:goal_policy_decisions·goal_auto_approval_use_reservations edge(defined=true)","tests/unit/test_goal_policy_foundation_w14f.py::test_t48_single_grant_reservation_uses_blocking_conditional_update","PASS","MATCH","미검증","P1","-",""
"C-S3-05","contract:b4ad294d9869","ebda53f5-91b9-4517-a3c3-40c76540fb30","1","2651d430221d2540d645469b9b4e66e1fb52335070a6f5779cd820ada9d90df7","§3 canonical mapping","DENY_AUTO 는 결과값으로 저장하지 않고 MANDATORY_HUMAN+reason code 로 표현","AADS/aads-server","app/·migrations/·tests/ 전체 grep: 'DENY_AUTO' 0건; ApplicationResult 에 값 없음(app/services/goal_policy_foundation.py:65)","AAG DB 스냅샷 3d2432db stale/not_proven/negative_assertion_allowed=false/coverage 0/0 -> 최신 충족·미구현 단정 불가 | 로컬 격리 rescan@520b5326 scanner v1.1(coverage 객체 없음): goal_policy_foundation.py->table:goal_policy_decisions·goal_auto_approval_use_reservations edge(defined=true)","(없음)","NO_TEST","MATCH","미검증","P2","-","부재 근거는 AAG 가 아니라 직접 grep(기준 SHA 520b5326 한정)."
"C-S4-01","contract:b4ad294d9869","ebda53f5-91b9-4517-a3c3-40c76540fb30","1","2651d430221d2540d645469b9b4e66e1fb52335070a6f5779cd820ada9d90df7","§4 evaluator 요청","클라이언트는 expected_parent_version 만 보내고 preconditions 는 서버가 DB에서 계산한다","AADS/aads-server","app/services/goal_policy_preconditions.py:82 compute_preconditions, :119-120 expected_parent_version 비교; app/routers/work_items.py:173-215","AAG DB 스냅샷 3d2432db stale/not_proven/negative_assertion_allowed=false/coverage 0/0 -> 최신 충족·미구현 단정 불가 | 로컬 격리 rescan@520b5326 scanner v1.1(coverage 객체 없음): goal_policy_preconditions.py 는 /api 라우트 work_items.py 에서 호출(그래프 외 import 호출은 AAG 비관측)","tests/unit/test_goal_policy_preconditions.py","PASS","MATCH","미검증","P1","-","'primary DB' 연결 선택(read replica 여부)은 확인 불가 - 풀 획득 get_pool() 만 확인."
"C-S4-02","contract:b4ad294d9869","ebda53f5-91b9-4517-a3c3-40c76540fb30","1","2651d430221d2540d645469b9b4e66e1fb52335070a6f5779cd820ada9d90df7","§4 evaluator 요청","서버 snapshot 은 parent_state/parent_version/evidence_complete/evidence_snapshot_hash/review_verdict/blocker_count/dependency_blocker_count 를 포함한다","AADS/aads-server","app/services/goal_policy_preconditions.py:186-192","AAG DB 스냅샷 3d2432db stale/not_proven/negative_assertion_allowed=false/coverage 0/0 -> 최신 충족·미구현 단정 불가 | 로컬 격리 rescan@520b5326 scanner v1.1(coverage 객체 없음): goal_policy_preconditions.py 는 /api 라우트 work_items.py 에서 호출(그래프 외 import 호출은 AAG 비관측)","tests/unit/test_goal_policy_preconditions.py","PASS","MATCH","미검증","P1","-",""
"C-S4-03","contract:b4ad294d9869","ebda53f5-91b9-4517-a3c3-40c76540fb30","1","2651d430221d2540d645469b9b4e66e1fb52335070a6f5779cd820ada9d90df7","§4 evaluator 요청","실행 직전 snapshot 을 다시 계산하고 변경 시 결정 폐기, precondition_unmet 에서 grant 예약·소비 금지","AADS/aads-server","app/services/goal_policy_preconditions.py:272 require_current_preconditions(app/ 호출처 0건, tests 참조 0건); 실행 경로 app/services/goal_workflow_approval.py:530 은 migrations/20260919_goal_policy_foundation_w14f.sql:134 의 '최신 저장 snapshot' 비교만 수행","AAG DB 스냅샷 3d2432db stale/not_proven/negative_assertion_allowed=false/coverage 0/0 -> 최신 충족·미구현 단정 불가 | 로컬 격리 rescan@520b5326 scanner v1.1(coverage 객체 없음): goal_policy_preconditions.py 는 /api 라우트 work_items.py 에서 호출(그래프 외 import 호출은 AAG 비관측)","(require_current_preconditions 직접 테스트 없음)","NO_TEST","MISMATCH","미검증","P1","W-14F 실행 경로 연결","재계산 가드 함수는 있으나 호출되지 않는다. 실행 시 fences 함수는 goal_precondition_snapshots 의 최신 저장본 해시를 읽을 뿐 현재 상태를 재계산하지 않는다."
"C-S5-01","contract:b4ad294d9869","ebda53f5-91b9-4517-a3c3-40c76540fb30","1","2651d430221d2540d645469b9b4e66e1fb52335070a6f5779cd820ada9d90df7","§5 hash·서명","RFC 6902 patch 배열 순서 보존 + 배열 내 객체 RFC 8785 JCS 정규화","AADS/aads-server","app/services/goal_policy_foundation.py:180 canonicalize, :212 patch_hash","AAG DB 스냅샷 3d2432db stale/not_proven/negative_assertion_allowed=false/coverage 0/0 -> 최신 충족·미구현 단정 불가 | 로컬 격리 rescan@520b5326 scanner v1.1(coverage 객체 없음): goal_policy_foundation.py->table:goal_policy_decisions·goal_auto_approval_use_reservations edge(defined=true)","tests/unit/test_goal_policy_foundation_w14f.py::test_t49_object_key_order_has_same_patch_hash, ::test_t50_patch_operation_order_changes_hash, ::test_rfc8785_binary64_rounding_and_exponent_thresholds","PASS","MATCH","미검증","P1","-",""
"C-S5-02","contract:b4ad294d9869","ebda53f5-91b9-4517-a3c3-40c76540fb30","1","2651d430221d2540d645469b9b4e66e1fb52335070a6f5779cd820ada9d90df7","§5 hash·서명","중복 property·NaN·Infinity·비정상 숫자는 422 invalid_patch","AADS/aads-server","app/services/goal_policy_foundation.py:75-126 PolicyContractError(422,'invalid_patch'); app/services/goal_workflow_approval.py:91","AAG DB 스냅샷 3d2432db stale/not_proven/negative_assertion_allowed=false/coverage 0/0 -> 최신 충족·미구현 단정 불가 | 로컬 격리 rescan@520b5326 scanner v1.1(coverage 객체 없음): goal_policy_foundation.py->table:goal_policy_decisions·goal_auto_approval_use_reservations edge(defined=true)","tests/unit/test_goal_policy_foundation_w14f.py::test_t51_rejects_duplicate_and_malformed_json_numbers, ::test_rfc8785_rejects_lone_unicode_surrogates","PASS","MATCH","미검증","P1","-",""
"C-S5-03","contract:b4ad294d9869","ebda53f5-91b9-4517-a3c3-40c76540fb30","1","2651d430221d2540d645469b9b4e66e1fb52335070a6f5779cd820ada9d90df7","§5 hash·서명","decision_input_hash 는 지정 16개 필드를 같은 방식으로 정규화해 SHA-256","AADS/aads-server","app/services/goal_policy_foundation.py:341 _decision_input, :208 canonical_hash","AAG DB 스냅샷 3d2432db stale/not_proven/negative_assertion_allowed=false/coverage 0/0 -> 최신 충족·미구현 단정 불가 | 로컬 격리 rescan@520b5326 scanner v1.1(coverage 객체 없음): goal_policy_foundation.py->table:goal_policy_decisions·goal_auto_approval_use_reservations edge(defined=true)","tests/unit/test_goal_policy_foundation_w14f.py::test_t52_environment_change_invalidates_input_hash, ::test_t56_decision_hash_uses_server_precondition_hash","PASS","MATCH","미검증","P1","-",""
"C-S5-04","contract:b4ad294d9869","ebda53f5-91b9-4517-a3c3-40c76540fb30","1","2651d430221d2540d645469b9b4e66e1fb52335070a6f5779cd820ada9d90df7","§5 hash·서명","서명/MAC 입력은 decision_id/decision_input_hash/effective_application_result/policy_version/decided_at 를 포함","AADS/aads-server","app/services/goal_policy_foundation.py:270-290 _signature_payload(상위집합: 계약 5필드 + epoch·경계 필드)","AAG DB 스냅샷 3d2432db stale/not_proven/negative_assertion_allowed=false/coverage 0/0 -> 최신 충족·미구현 단정 불가 | 로컬 격리 rescan@520b5326 scanner v1.1(coverage 객체 없음): goal_policy_foundation.py->table:goal_policy_decisions·goal_auto_approval_use_reservations edge(defined=true)","tests/unit/test_goal_policy_foundation_w14f.py::test_all_execution_authoritative_fields_are_signed","PASS","MATCH","미검증","P1","-",""
"C-S5-05","contract:b4ad294d9869","ebda53f5-91b9-4517-a3c3-40c76540fb30","1","2651d430221d2540d645469b9b4e66e1fb52335070a6f5779cd820ada9d90df7","§5 hash·서명","서명 불일치·미지원 canonicalization version 은 실행 불가(NOT_EXECUTABLE)로 처리","AADS/aads-server","app/services/goal_policy_foundation.py:470 verify -> (False,'invalid_decision_signature'/'unsupported_canonicalization_version')","AAG DB 스냅샷 3d2432db stale/not_proven/negative_assertion_allowed=false/coverage 0/0 -> 최신 충족·미구현 단정 불가 | 로컬 격리 rescan@520b5326 scanner v1.1(coverage 객체 없음): goal_policy_foundation.py->table:goal_policy_decisions·goal_auto_approval_use_reservations edge(defined=true)","tests/unit/test_goal_policy_foundation_w14f.py::test_unsupported_canonicalization_version_is_rejected","PASS","MATCH","미검증","P0","-","실행 거부로 구현됨. 'NOT_EXECUTABLE' 라벨 값을 반환하지는 않고 사유 문자열을 반환."
"C-S5-06","contract:b4ad294d9869","ebda53f5-91b9-4517-a3c3-40c76540fb30","1","2651d430221d2540d645469b9b4e66e1fb52335070a6f5779cd820ada9d90df7","§5 hash·서명","patch_hash 는 모든 경로에서 JCS 로 계산된다","AADS/aads-server","app/services/goal_policy_preconditions.py:11-13,:237 _canonical_hash({'patch':...}) = json.dumps(sort_keys) 비-JCS; app/services/goal_workflow_approval.py:99 은 JCS patch_hash","AAG DB 스냅샷 3d2432db stale/not_proven/negative_assertion_allowed=false/coverage 0/0 -> 최신 충족·미구현 단정 불가 | 로컬 격리 rescan@520b5326 scanner v1.1(coverage 객체 없음): goal_policy_preconditions.py 는 /api 라우트 work_items.py 에서 호출(그래프 외 import 호출은 AAG 비관측)","(경로 간 일치 검증 테스트 없음)","NO_TEST","MISMATCH","미검증","P1","정책 입력(create_policy_input) 경로","정책 입력 생성 경로의 patch_hash 가 change-set 경로(JCS)와 다른 방식. 두 값이 비교되는 지점은 이 조사에서 확인 못함."
"C-S6-01","contract:b4ad294d9869","ebda53f5-91b9-4517-a3c3-40c76540fb30","1","2651d430221d2540d645469b9b4e66e1fb52335070a6f5779cd820ada9d90df7","§6 diagnostics·감사","Cedar diagnostics error 1건이라도 있으면 원 결과가 Allow 여도 AUTO 폐기","AADS/aads-server","app/services/goal_policy_foundation.py:377-380, :388-390","AAG DB 스냅샷 3d2432db stale/not_proven/negative_assertion_allowed=false/coverage 0/0 -> 최신 충족·미구현 단정 불가 | 로컬 격리 rescan@520b5326 scanner v1.1(coverage 객체 없음): goal_policy_foundation.py->table:goal_policy_decisions·goal_auto_approval_use_reservations edge(defined=true)","tests/unit/test_goal_policy_foundation_w14f.py::test_t36_cedar_diagnostic_discards_allow_auto","PASS","MATCH","미검증","P0","-",""
"C-S6-02","contract:b4ad294d9869","ebda53f5-91b9-4517-a3c3-40c76540fb30","1","2651d430221d2540d645469b9b4e66e1fb52335070a6f5779cd820ada9d90df7","§6 diagnostics·감사","경계 entity resolution 실패는 승인 요청 없이 NOT_EXECUTABLE","AADS/aads-server","app/services/goal_policy_foundation.py:373-375(partial/failed -> DENY/NOT_EXECUTABLE/NONE), :300 derive_result -> result=DENY","AAG DB 스냅샷 3d2432db stale/not_proven/negative_assertion_allowed=false/coverage 0/0 -> 최신 충족·미구현 단정 불가 | 로컬 격리 rescan@520b5326 scanner v1.1(coverage 객체 없음): goal_policy_foundation.py->table:goal_policy_decisions·goal_auto_approval_use_reservations edge(defined=true)","tests/unit/test_goal_policy_foundation_w14f.py::test_t57_cross_project_boundary_is_deny_not_approval","PASS","MISMATCH","미검증","P2","계약 문구 정정 또는 코드 정합","automation_eligibility=NOT_EXECUTABLE 이고 승인 요청도 없지만 result/effective_application_result 는 DENY(계약 문구는 NOT_EXECUTABLE). 의도적 DENY 선판정이면 계약 명확화 필요. 실행·승인 차단 효과는 동일."
"C-S6-03","contract:b4ad294d9869","ebda53f5-91b9-4517-a3c3-40c76540fb30","1","2651d430221d2540d645469b9b4e66e1fb52335070a6f5779cd820ada9d90df7","§6 diagnostics·감사","mandatory-human 평가 오류는 AUTO 금지, 명시 승인으로 보냄","AADS/aads-server","app/services/goal_policy_foundation.py:376-380(오류 시 MANDATORY_HUMAN), :388-390(AUTO->APPROVAL_REQUIRED)","AAG DB 스냅샷 3d2432db stale/not_proven/negative_assertion_allowed=false/coverage 0/0 -> 최신 충족·미구현 단정 불가 | 로컬 격리 rescan@520b5326 scanner v1.1(coverage 객체 없음): goal_policy_foundation.py->table:goal_policy_decisions·goal_auto_approval_use_reservations edge(defined=true)","tests/unit/test_goal_policy_foundation_w14f.py::test_t36_cedar_diagnostic_discards_allow_auto","PASS","MATCH","미검증","P1","-",""
"C-S6-04","contract:b4ad294d9869","ebda53f5-91b9-4517-a3c3-40c76540fb30","1","2651d430221d2540d645469b9b4e66e1fb52335070a6f5779cd820ada9d90df7","§6 diagnostics·감사","simulate/shadow 오류는 실행하지 않고 diff 와 오류만 저장","AADS/aads-server","app/services/goal_policy_rollout.py:23 evaluate_shadow_policy, :62 is_permission_widening, :68 simulate_policy","AAG DB 스냅샷 3d2432db stale/not_proven/negative_assertion_allowed=false/coverage 0/0 -> 최신 충족·미구현 단정 불가 | 로컬 격리 rescan@520b5326 scanner v1.1(coverage 객체 없음): goal_policy_rollout.py->table:goal_policy_decisions edge","tests/unit/test_goal_policy_rollout_w14c.py","PASS","UNVERIFIED","미검증","P2","-","shadow 권한 확대 판정 함수는 있으나 '오류 시 diff·오류만 저장' 분기는 이 조사에서 줄 단위로 확인하지 않음."
"C-S6-05","contract:b4ad294d9869","ebda53f5-91b9-4517-a3c3-40c76540fb30","1","2651d430221d2540d645469b9b4e66e1fb52335070a6f5779cd820ada9d90df7","§6 diagnostics·감사","goal_policy_decisions 기록 실패 시 AUTO 를 반환하지 않는다","AADS/aads-server","app/services/goal_policy_foundation.py:395-425 INSERT await 후에만 envelope 반환(예외 전파)","AAG DB 스냅샷 3d2432db stale/not_proven/negative_assertion_allowed=false/coverage 0/0 -> 최신 충족·미구현 단정 불가 | 로컬 격리 rescan@520b5326 scanner v1.1(coverage 객체 없음): goal_policy_foundation.py->table:goal_policy_decisions·goal_auto_approval_use_reservations edge(defined=true)","tests/unit/test_goal_policy_foundation_w14f.py::test_t38_ledger_failure_never_returns_auto","PASS","MATCH","production DB 읽기전용 SELECT(2026-10-03): W-14F 테이블 존재·전부 0행(goal_policy_decisions=0 등) - 운영 AUTO 결정 사례 없음, 실가동 미검증","P0","-",""
"C-S6-06","contract:b4ad294d9869","ebda53f5-91b9-4517-a3c3-40c76540fb30","1","2651d430221d2540d645469b9b4e66e1fb52335070a6f5779cd820ada9d90df7","§6 diagnostics·감사","AUTO+usage reservation 필요 시 decision·reservation·usage event·outbox 를 한 DB transaction 에 기록","AADS/aads-server","app/services/goal_policy_foundation.py:392 주석(호출자가 트랜잭션 유지); app/routers/work_items.py conn.transaction() 래핑; evaluate_and_persist·reserve_single_grant 운영 호출처 0건","AAG DB 스냅샷 3d2432db stale/not_proven/negative_assertion_allowed=false/coverage 0/0 -> 최신 충족·미구현 단정 불가 | 로컬 격리 rescan@520b5326 scanner v1.1(coverage 객체 없음): goal_policy_foundation.py->table:goal_policy_decisions·goal_auto_approval_use_reservations edge(defined=true)","(원자성 통합 테스트는 disposable DB 필요 - 미실행)","NOT_RUN","UNVERIFIED","production DB 읽기전용 SELECT(2026-10-03): W-14F 테이블 존재·전부 0행(goal_policy_decisions=0 등) - 운영 AUTO 결정 사례 없음, 실가동 미검증","P1","disposable fixture DB 통합 검증","함수는 호출자 트랜잭션에 의존. 네 기록을 한 트랜잭션으로 묶는 운영 코드 경로가 아직 없다."
"C-S6-07","contract:b4ad294d9869","ebda53f5-91b9-4517-a3c3-40c76540fb30","1","2651d430221d2540d645469b9b4e66e1fb52335070a6f5779cd820ada9d90df7","§6 diagnostics·감사","민감값 원문 미저장, erased/masked JSON Pointer·masking_policy_version 만 저장","AADS/aads-server","app/services/goal_policy_foundation.py:222 sanitize_context, :412-415 erased/masked","AAG DB 스냅샷 3d2432db stale/not_proven/negative_assertion_allowed=false/coverage 0/0 -> 최신 충족·미구현 단정 불가 | 로컬 격리 rescan@520b5326 scanner v1.1(coverage 객체 없음): goal_policy_foundation.py->table:goal_policy_decisions·goal_auto_approval_use_reservations edge(defined=true)","tests/unit/test_goal_policy_foundation_w14f.py::test_secret_patch_value_is_not_persisted_and_only_pointer_is_recorded","PASS","MATCH","미검증","P0","-",""
"C-S7-01","contract:b4ad294d9869","ebda53f5-91b9-4517-a3c3-40c76540fb30","1","2651d430221d2540d645469b9b4e66e1fb52335070a6f5779cd820ada9d90df7","§7 executor 검증","실행 직전 primary DB 에서 target_version·kill_switch/deny_policy/assignment/grant_revocation/ancestor_revocation epoch·policy_version·precondition_snapshot_hash·decision_input_hash·서명 재검증","AADS/aads-server","app/services/goal_policy_foundation.py:520-553 비교 사전 + migrations/20260919_goal_policy_foundation_w14f.sql:47 goal_policy_execution_fences_v2","AAG DB 스냅샷 3d2432db stale/not_proven/negative_assertion_allowed=false/coverage 0/0 -> 최신 충족·미구현 단정 불가 | 로컬 격리 rescan@520b5326 scanner v1.1(coverage 객체 없음): goal_policy_foundation.py->table:goal_policy_decisions·goal_auto_approval_use_reservations edge(defined=true)","tests/unit/test_goal_policy_foundation_w14f.py::test_executor_rejects_changed_epochs[T45,T46,T54,T55], ::test_executor_rejects_current_target_version_and_live_safety_state","PASS","MATCH","production DB 읽기전용 SELECT(2026-10-03): W-14F 테이블 존재·전부 0행(goal_policy_decisions=0 등) - 운영 AUTO 결정 사례 없음, 실가동 미검증","P0","-","fake conn 단위 테스트. 실제 DB fences 함수 통합 시험은 미실행(disposable DB 필요)."
"C-S7-02","contract:b4ad294d9869","ebda53f5-91b9-4517-a3c3-40c76540fb30","1","2651d430221d2540d645469b9b4e66e1fb52335070a6f5779cd820ada9d90df7","§7 executor 검증","permit cache 는 위 값에 적용하지 않으며 일반 permit cache TTL ≤2초, cache/store 실패 시 cached permit 실행 금지","AADS/aads-server","app/·migrations/ grep 'permit_cache|permit cache' 0건 -> permit cache 구현 없음","AAG DB 스냅샷 3d2432db stale/not_proven/negative_assertion_allowed=false/coverage 0/0 -> 최신 충족·미구현 단정 불가 | AAG 범위 밖(shell/정책/프로세스/문서 사실) - 직접 소스 조사만","(없음)","NO_TEST","UNVERIFIED","미검증","P2","-","캐시가 없어 조항은 공허하게 충족되나, 부재 판단은 AAG(stale)가 아닌 직접 grep. 향후 캐시 도입 시 TTL 시험 필요."
"C-S7-03","contract:b4ad294d9869","ebda53f5-91b9-4517-a3c3-40c76540fb30","1","2651d430221d2540d645469b9b4e66e1fb52335070a6f5779cd820ada9d90df7","§7 executor 검증","executor 실행 경로가 검증을 실제로 호출한다","AADS/aads-server","app/services/goal_workflow_approval.py:446 execute_change_set -> :530 verify_immediately_before_execution","AAG DB 스냅샷 3d2432db stale/not_proven/negative_assertion_allowed=false/coverage 0/0 -> 최신 충족·미구현 단정 불가 | 로컬 격리 rescan@520b5326 scanner v1.1(coverage 객체 없음): goal_workflow_approval.py->table:goal_policy_decisions·work_item_change_sets edge(defined=true)","tests/unit/test_goal_workflow_approval.py","PASS","MATCH","production DB 읽기전용 SELECT(2026-10-03): W-14F 테이블 존재·전부 0행(goal_policy_decisions=0 등) - 운영 AUTO 결정 사례 없음, 실가동 미검증","P0","-","추가로 env GOAL_POLICY_AUTO_ENABLED 가 꺼져 있으면 항상 거부(계약 외 안전장치)."
"C-S8-01","contract:b4ad294d9869","ebda53f5-91b9-4517-a3c3-40c76540fb30","1","2651d430221d2540d645469b9b4e66e1fb52335070a6f5779cd820ada9d90df7","§8 grant·위임","동일 execution_key 는 기존 reservation 을 반환하고 다시 차감하지 않는다","AADS/aads-server","app/services/goal_policy_foundation.py:565 reserve_single_grant(:575-583), app/services/goal_workflow_approval.py:764 reserve_grant_use(:816 idempotent_replay)","AAG DB 스냅샷 3d2432db stale/not_proven/negative_assertion_allowed=false/coverage 0/0 -> 최신 충족·미구현 단정 불가 | 로컬 격리 rescan@520b5326 scanner v1.1(coverage 객체 없음): goal_policy_foundation.py->table:goal_policy_decisions·goal_auto_approval_use_reservations edge(defined=true)","tests/unit/test_goal_policy_foundation_w14f.py::test_t53_same_idempotency_key_with_different_grant_is_conflict","PASS","MATCH","미검증","P0","-",""
"C-S8-02","contract:b4ad294d9869","ebda53f5-91b9-4517-a3c3-40c76540fb30","1","2651d430221d2540d645469b9b4e66e1fb52335070a6f5779cd820ada9d90df7","§8 grant·위임","grant 소진은 blocking FOR UPDATE 또는 조건부 UPDATE...RETURNING 만, SKIP LOCKED 는 outbox/job queue claim 에만","AADS/aads-server","app/services 전체: SKIP LOCKED 는 app/services/goal_workflow_approval.py:599 claim_outbox 1곳; reserve 는 FOR UPDATE/UPDATE RETURNING","AAG DB 스냅샷 3d2432db stale/not_proven/negative_assertion_allowed=false/coverage 0/0 -> 최신 충족·미구현 단정 불가 | 로컬 격리 rescan@520b5326 scanner v1.1(coverage 객체 없음): goal_workflow_approval.py->table:goal_policy_decisions·work_item_change_sets edge(defined=true)","tests/unit/test_goal_policy_foundation_w14f.py::test_t48_single_grant_reservation_uses_blocking_conditional_update","PASS","MATCH","미검증","P0","-",""
"C-S8-03","contract:b4ad294d9869","ebda53f5-91b9-4517-a3c3-40c76540fb30","1","2651d430221d2540d645469b9b4e66e1fb52335070a6f5779cd820ada9d90df7","§8 grant·위임","ancestor active/version/revocation epoch, scope subset, delegation depth, issuer/principal 분리, assignment 활성, tenant/project/goal 경계 검증(scope_hash 단독 금지)","AADS/aads-server","migrations/20260919_goal_policy_foundation_w14f.sql:72-99 재귀 ancestors(상태·epoch); app/services/goal_workflow_approval.py:704-718 delegation_depth·scope subset(발급 시)","AAG DB 스냅샷 3d2432db stale/not_proven/negative_assertion_allowed=false/coverage 0/0 -> 최신 충족·미구현 단정 불가 | 로컬 격리 rescan@520b5326 scanner v1.1(coverage 객체 없음): goal_workflow_approval.py->table:goal_policy_decisions·work_item_change_sets edge(defined=true)","tests/unit/test_goal_workflow_approval.py, tests/unit/test_goal_policy_foundation_migration.py(소스 문자열 검사)","PASS","UNVERIFIED","미검증","P1","integration 시험(disposable DB)","ancestor 활성·epoch·scope subset·depth 는 확인. issuer/principal 분리와 tenant/project/goal 경계의 줄 단위 확인은 미완 -> 전체 충족 단정 불가. scope_hash 는 app/·W-14F migration 에 0건(직접 grep)."
"C-S9-01","contract:b4ad294d9869","ebda53f5-91b9-4517-a3c3-40c76540fb30","1","2651d430221d2540d645469b9b4e66e1fb52335070a6f5779cd820ada9d90df7","§9 outbox","업무 변경과 outbox 생성은 같은 transaction 의 논리적 1회","AADS/aads-server","app/services/goal_workflow_approval.py:446 execute_change_set(UPDATE + INSERT goal_workflow_outbox :569), app/routers/work_items.py conn.transaction()","AAG DB 스냅샷 3d2432db stale/not_proven/negative_assertion_allowed=false/coverage 0/0 -> 최신 충족·미구현 단정 불가 | 로컬 격리 rescan@520b5326 scanner v1.1(coverage 객체 없음): goal_workflow_approval.py->table:goal_policy_decisions·work_item_change_sets edge(defined=true)","tests/unit/test_goal_workflow_approval.py","PASS","MATCH","미검증","P1","integration(disposable DB)","트랜잭션 경계는 라우터가 소유(서비스 함수 자체는 호출자 의존). 트랜잭션 실동작은 미실행."
"C-S9-02","contract:b4ad294d9869","ebda53f5-91b9-4517-a3c3-40c76540fb30","1","2651d430221d2540d645469b9b4e66e1fb52335070a6f5779cd820ada9d90df7","§9 outbox","relay 최소 1회, 내부 consumer 는 execution_key 기준 1회","AADS/aads-server","app/services/goal_workflow_approval.py:587 claim_outbox(FOR UPDATE SKIP LOCKED), migrations/20260919_goal_workflow_w14a.sql:100-113 UNIQUE(tenant_id,execution_key)","AAG DB 스냅샷 3d2432db stale/not_proven/negative_assertion_allowed=false/coverage 0/0 -> 최신 충족·미구현 단정 불가 | 로컬 격리 rescan@520b5326 scanner v1.1(coverage 객체 없음): goal_workflow_approval.py->table:goal_policy_decisions·work_item_change_sets edge(defined=true)","tests/unit/test_goal_workflow_approval.py","PASS","MATCH","미검증","P1","-",""
"C-S9-03","contract:b4ad294d9869","ebda53f5-91b9-4517-a3c3-40c76540fb30","1","2651d430221d2540d645469b9b4e66e1fb52335070a6f5779cd820ada9d90df7","§9 outbox","외부 결과 불명확 시 자동 환급·재실행 없이 reconciliation_required","AADS/aads-server","app/services/goal_workflow_approval.py:609-631 complete_outbox_delivery(unknown->reconciliation_required), :814 auto_replay False","AAG DB 스냅샷 3d2432db stale/not_proven/negative_assertion_allowed=false/coverage 0/0 -> 최신 충족·미구현 단정 불가 | 로컬 격리 rescan@520b5326 scanner v1.1(coverage 객체 없음): goal_workflow_approval.py->table:goal_policy_decisions·work_item_change_sets edge(defined=true)","tests/unit/test_goal_workflow_approval.py","PASS","MATCH","미검증","P1","-",""
"C-S10-01","contract:b4ad294d9869","ebda53f5-91b9-4517-a3c3-40c76540fb30","1","2651d430221d2540d645469b9b4e66e1fb52335070a6f5779cd820ada9d90df7","§10 검수·회수","검수자 0명이면 review_pending_assignment 로 전환하며 자동 수락하지 않는다","AADS/aads-server","migrations/20260919_goal_policy_foundation_stores.sql:219 work_item_review_requirements.state DEFAULT 'pending_assignment' (계약 상태명 'review_pending_assignment' 는 app/·migrations/·tests/ 어디에도 0건)","AAG DB 스냅샷 3d2432db stale/not_proven/negative_assertion_allowed=false/coverage 0/0 -> 최신 충족·미구현 단정 불가 | AAG 범위 밖(shell/정책/프로세스/문서 사실) - 직접 소스 조사만","tests/unit/test_goal_policy_foundation_migration.py(문자열 검사)","SOURCE_GREP_ONLY","MISMATCH","미검증","P2","계약 상태명 정합","상태명이 다르다(pending_assignment). 자동 수락 금지 로직(검수자 0명 처리 코드)은 app/ 에서 확인 못함 - review_requirements 는 읽기만 하고 쓰는 코드가 없다."
"C-S10-02","contract:b4ad294d9869","ebda53f5-91b9-4517-a3c3-40c76540fb30","1","2651d430221d2540d645469b9b4e66e1fb52335070a6f5779cd820ada9d90df7","§10 검수·회수","수행자·요청자·담당자·evidence 제출자·execution actor·직접 기여 session 은 독립 검수자가 될 수 없다","AADS/aads-server","migrations/20260919_goal_policy_foundation_stores.sql:260-271 CHECK(reviewer_session_id IS DISTINCT FROM ... / ANY(evidence_submitter, contributor))","AAG DB 스냅샷 3d2432db stale/not_proven/negative_assertion_allowed=false/coverage 0/0 -> 최신 충족·미구현 단정 불가 | AAG 범위 밖(shell/정책/프로세스/문서 사실) - 직접 소스 조사만","tests/unit/test_goal_policy_foundation_migration.py::test_foundation_hash_epoch_review_and_reconciliation_contracts(문자열 검사); integration 미실행","SOURCE_GREP_ONLY","MATCH","미검증","P1","integration(disposable DB)","DB 제약으로 스키마 수준 MATCH. 검수 결정을 쓰는 app 코드 경로는 없다(grep) -> 제약이 실제로 작동하는 운영 경로는 미존재."
"C-S10-03","contract:b4ad294d9869","ebda53f5-91b9-4517-a3c3-40c76540fb30","1","2651d430221d2540d645469b9b4e66e1fb52335070a6f5779cd820ada9d90df7","§10 검수·회수","CEO override 는 사유·원 요구 role·요구사항 ID·risk acceptance 를 기록","AADS/aads-server","migrations/20260919_goal_policy_foundation_stores.sql:272-276 ck_work_item_review_override","AAG DB 스냅샷 3d2432db stale/not_proven/negative_assertion_allowed=false/coverage 0/0 -> 최신 충족·미구현 단정 불가 | AAG 범위 밖(shell/정책/프로세스/문서 사실) - 직접 소스 조사만","tests/unit/test_goal_policy_foundation_migration.py(문자열 검사)","SOURCE_GREP_ONLY","MATCH","미검증","P2","-","스키마 수준."
"C-S10-04","contract:b4ad294d9869","ebda53f5-91b9-4517-a3c3-40c76540fb30","1","2651d430221d2540d645469b9b4e66e1fb52335070a6f5779cd820ada9d90df7","§10 검수·회수","실행 회수는 grant revoke 와 분리해 cancellation_requested/finish_current_requested/compensating/compensated/compensation_failed/reconciliation_required 로 기록","AADS/aads-server","migrations/20260919_goal_policy_foundation_stores.sql:141-142 goal_execution_leases.lease_state CHECK(6상태 모두 포함); app/ 에서 goal_execution_leases 쓰기 코드 0건","AAG DB 스냅샷 3d2432db stale/not_proven/negative_assertion_allowed=false/coverage 0/0 -> 최신 충족·미구현 단정 불가 | AAG 범위 밖(shell/정책/프로세스/문서 사실) - 직접 소스 조사만","tests/unit/test_goal_policy_foundation_migration.py(문자열 검사)","SOURCE_GREP_ONLY","UNVERIFIED","production DB 읽기전용 SELECT(2026-10-03): W-14F 테이블 존재·전부 0행(goal_policy_decisions=0 등) - 운영 AUTO 결정 사례 없음, 실가동 미검증","P2","회수 전이 코드 구현","상태 값은 스키마에 있으나 전이를 기록하는 코드는 확인되지 않음."
"C-S11-01","contract:b4ad294d9869","ebda53f5-91b9-4517-a3c3-40c76540fb30","1","2651d430221d2540d645469b9b4e66e1fb52335070a6f5779cd820ada9d90df7","§11 idempotency·오류","같은 key·같은 canonical body 는 기존 결과 반환","AADS/aads-server","app/services/goal_workflow_approval.py:102-108 create_change_set, :816 reserve idempotent_replay","AAG DB 스냅샷 3d2432db stale/not_proven/negative_assertion_allowed=false/coverage 0/0 -> 최신 충족·미구현 단정 불가 | 로컬 격리 rescan@520b5326 scanner v1.1(coverage 객체 없음): goal_workflow_approval.py->table:goal_policy_decisions·work_item_change_sets edge(defined=true)","tests/unit/test_goal_policy_foundation_w14f.py::test_same_idempotency_key_requires_identical_decision_body","PASS","MATCH","미검증","P1","-",""
"C-S11-02","contract:b4ad294d9869","ebda53f5-91b9-4517-a3c3-40c76540fb30","1","2651d430221d2540d645469b9b4e66e1fb52335070a6f5779cd820ada9d90df7","§11 idempotency·오류","같은 key·다른 body 는 409 idempotency_key_reused","AADS/aads-server","app/services/goal_policy_foundation.py:581 (reserve 경로 = idempotency_key_reused); app/services/goal_workflow_approval.py:108 (change-set 생성 = idempotency_conflict)","AAG DB 스냅샷 3d2432db stale/not_proven/negative_assertion_allowed=false/coverage 0/0 -> 최신 충족·미구현 단정 불가 | 로컬 격리 rescan@520b5326 scanner v1.1(coverage 객체 없음): goal_policy_foundation.py->table:goal_policy_decisions·goal_auto_approval_use_reservations edge(defined=true)","tests/unit/test_goal_policy_foundation_w14f.py::test_t53_same_idempotency_key_with_different_grant_is_conflict","PASS","MISMATCH","미검증","P2","오류코드 통일","change-set 생성 경로는 계약과 다른 코드 'idempotency_conflict' 를 사용한다."
"C-S11-03","contract:b4ad294d9869","ebda53f5-91b9-4517-a3c3-40c76540fb30","1","2651d430221d2540d645469b9b4e66e1fb52335070a6f5779cd820ada9d90df7","§11 idempotency·오류","version/hash/environment/policy/grant mismatch 는 실행 차단","AADS/aads-server","app/services/goal_policy_foundation.py:470-553","AAG DB 스냅샷 3d2432db stale/not_proven/negative_assertion_allowed=false/coverage 0/0 -> 최신 충족·미구현 단정 불가 | 로컬 격리 rescan@520b5326 scanner v1.1(coverage 객체 없음): goal_policy_foundation.py->table:goal_policy_decisions·goal_auto_approval_use_reservations edge(defined=true)","tests/unit/test_goal_policy_foundation_w14f.py::test_t52_environment_change_invalidates_input_hash, ::test_executor_rejects_changed_epochs","PASS","MATCH","미검증","P0","-",""
"C-S11-04","contract:b4ad294d9869","ebda53f5-91b9-4517-a3c3-40c76540fb30","1","2651d430221d2540d645469b9b4e66e1fb52335070a6f5779cd820ada9d90df7","§11 idempotency·오류","다른 tenant 존재 노출 요청은 외부 404, 내부 감사 tenant_scope_denied","AADS/aads-server","app/services/goal_policy_preconditions.py:28-42 _item_or_hidden_audit(404 resource_not_found + tenant_scope_denied 감사); app/services/goal_workflow_approval.py:59,:146 은 404 만 반환하고 감사 기록 코드 없음","AAG DB 스냅샷 3d2432db stale/not_proven/negative_assertion_allowed=false/coverage 0/0 -> 최신 충족·미구현 단정 불가 | 로컬 격리 rescan@520b5326 scanner v1.1(coverage 객체 없음): goal_policy_preconditions.py 는 /api 라우트 work_items.py 에서 호출(그래프 외 import 호출은 AAG 비관측)","tests/unit/test_goal_policy_preconditions.py","PASS","MISMATCH","미검증","P2","change-set 경로 감사 추가","preconditions 경로는 충족. change-set 경로의 404 는 tenant_scope_denied 감사를 남기지 않는다(직접 grep)."
"C-S11-05","contract:b4ad294d9869","ebda53f5-91b9-4517-a3c3-40c76540fb30","1","2651d430221d2540d645469b9b4e66e1fb52335070a6f5779cd820ada9d90df7","§11 idempotency·오류","표준 오류코드는 PRD v1.2 14.12 를 따른다","AADS/aads-server","docs/prd/20260919_GOAL_WORK_HIERARCHY_APPROVAL_PRD.md v1.2 §14.12(고정 4문서 범위 밖)","AAG DB 스냅샷 3d2432db stale/not_proven/negative_assertion_allowed=false/coverage 0/0 -> 최신 충족·미구현 단정 불가 | AAG 범위 밖(shell/정책/프로세스/문서 사실) - 직접 소스 조사만","(없음)","NOT_RUN","UNVERIFIED","미검증","P2","PRD v1.2 14.12 대조","참조 문서가 이번 승인 4문서가 아니어서 오류코드 표 대조를 수행하지 않음."
"C-S12-01","contract:b4ad294d9869","ebda53f5-91b9-4517-a3c3-40c76540fb30","1","2651d430221d2540d645469b9b4e66e1fb52335070a6f5779cd820ada9d90df7","§12 승인 시험","T36·T38·T45~T46·T48~T58 이 executor fail-closed 를 입증하는 시험으로 연결된다","AADS/aads-server","tests/unit/test_goal_policy_foundation_w14f.py: T36,T38,T45,T46,T48,T49,T50,T51,T52,T53,T54,T55,T56,T57,T58 라벨/함수 존재","AAG DB 스냅샷 3d2432db stale/not_proven/negative_assertion_allowed=false/coverage 0/0 -> 최신 충족·미구현 단정 불가 | AAG 범위 밖(shell/정책/프로세스/문서 사실) - 직접 소스 조사만","tests/unit/test_goal_policy_foundation_w14f.py 전체","PASS","MATCH","미검증","P0","-","라벨 수준 연결. T47 은 라벨 없음(아래 C-S12-02)."
"C-S12-02","contract:b4ad294d9869","ebda53f5-91b9-4517-a3c3-40c76540fb30","1","2651d430221d2540d645469b9b4e66e1fb52335070a6f5779cd820ada9d90df7","§12 승인 시험","T01 수정본·T08 강화본 및 T37·T39~T44·T47 명세가 시험에 연결된다","AADS/aads-server","라벨 없음(T01,T08,T37,T39-T44,T47 은 tests/unit 테스트 이름에 없음); 명세 원본은 PRD v1.2","AAG DB 스냅샷 3d2432db stale/not_proven/negative_assertion_allowed=false/coverage 0/0 -> 최신 충족·미구현 단정 불가 | AAG 범위 밖(shell/정책/프로세스/문서 사실) - 직접 소스 조사만","(대응 확인 불가)","NO_TEST","UNVERIFIED","미검증","P1","PRD v1.2 시험 명세","동등 시험이 다른 이름으로 존재할 수 있으나 명세 없이 연결 증명 불가."
"C-S12-03","contract:b4ad294d9869","ebda53f5-91b9-4517-a3c3-40c76540fb30","1","2651d430221d2540d645469b9b4e66e1fb52335070a6f5779cd820ada9d90df7","§12 승인 시험","shadow 권한 확대·A3 AUTO·ledger 누락·이중 소비·revoke/kill switch 후 신규 실행·tenant 누출 각 1건이라도 있으면 승인 중단","AADS/aads-server","프로세스 규칙; 관련 시험: is_permission_widening(rollout), a3, t38, t48, epoch/kill switch, tenant 격리","AAG DB 스냅샷 3d2432db stale/not_proven/negative_assertion_allowed=false/coverage 0/0 -> 최신 충족·미구현 단정 불가 | AAG 범위 밖(shell/정책/프로세스/문서 사실) - 직접 소스 조사만","tests/unit/test_goal_policy_rollout_w14c.py, tests/unit/test_goal_policy_foundation_w14f.py","PASS","UNVERIFIED","미검증","P1","승인 프로세스 기록","중단 규칙은 절차이므로 코드로 증명되지 않음. 항목별 개별 시험은 존재."
"C-S13-01","contract:b4ad294d9869","ebda53f5-91b9-4517-a3c3-40c76540fb30","1","2651d430221d2540d645469b9b4e66e1fb52335070a6f5779cd820ada9d90df7","§13 B-04 승인 기록","B-04 승인 이벤트에 문서 commit SHA·승인자 session UUID·승인 시각·계약 version·ADR 목록 기록(문서 기재값 52320385/1fa84036…/2026-09-19 17:09 KST)","AADS/aads-server","문서 §13 기재값; DB project_document_events id 25-27 은 2026-10-02 19:18 KST canonical import(created/approved/legacy_linked)이며 B-04 이벤트가 아님","AAG DB 스냅샷 3d2432db stale/not_proven/negative_assertion_allowed=false/coverage 0/0 -> 최신 충족·미구현 단정 불가 | AAG 범위 밖(shell/정책/프로세스/문서 사실) - 직접 소스 조사만","(없음)","NOT_RUN","UNVERIFIED","approved 포인터는 읽기전용 SELECT 로 시작·종료 동일(generation 2, 이벤트 최대 id 27). B-04 DB 승인 이벤트는 미조회/미확인","P1","B-04 승인 원장(저장소 밖)","문서 상태줄도 'B-04 DB 승인 이벤트 미검증'. 이번 4문서 canonical 승인(revision 1)은 별개 사실."
"C-S13-02","contract:b4ad294d9869","ebda53f5-91b9-4517-a3c3-40c76540fb30","1","2651d430221d2540d645469b9b4e66e1fb52335070a6f5779cd820ada9d90df7","§13 B-04 승인 기록","B-02/B-02R 독립 ACCEPT 전 W-14F 구현·운영 migration 금지","AADS/aads-server","git log: W-14F 코드 2026-09-19 19:38-19:57 KST 반입(문서 B-04 시각 17:09 KST 이후); migrations/20260919_goal_policy_foundation_*.sql; production DB 에 W-14F 테이블 존재(0행)","AAG DB 스냅샷 3d2432db stale/not_proven/negative_assertion_allowed=false/coverage 0/0 -> 최신 충족·미구현 단정 불가 | AAG 범위 밖(shell/정책/프로세스/문서 사실) - 직접 소스 조사만","(없음)","NOT_RUN","UNVERIFIED","production DB 읽기전용 SELECT(2026-10-03): W-14F 테이블 존재·전부 0행(goal_policy_decisions=0 등) - 운영 AUTO 결정 사례 없음, 실가동 미검증","P1","B-02/B-02R ACCEPT 기록","B-02/B-02R ACCEPT 시점은 이 조사 범위 밖이라 순서 준수 여부를 증명하지 못함. 운영 DB 에 스키마가 적용된 사실만 확인."
"C-S13-03","contract:b4ad294d9869","ebda53f5-91b9-4517-a3c3-40c76540fb30","1","2651d430221d2540d645469b9b4e66e1fb52335070a6f5779cd820ada9d90df7","§13 B-04 승인 기록","'이 문서만으로 승인을 추정하지 않는다' - 승인 전 상태는 pending","AADS/aads-server","문서 §13 자체; canonical head approved_revision_id=ebda53f5…(revision 1) 는 canonical 문서 승인이며 B-04 계약 승인 이벤트와 동일시하지 않음","AAG DB 스냅샷 3d2432db stale/not_proven/negative_assertion_allowed=false/coverage 0/0 -> 최신 충족·미구현 단정 불가 | AAG 범위 밖(shell/정책/프로세스/문서 사실) - 직접 소스 조사만","(없음)","NOT_RUN","UNVERIFIED","시작·종료 포인터 동일","P2","-","본 결과도 B-04 승인 완료를 주장하지 않는다."
"P-G1","plan:7d9f483b5dba","6dfc2221-6219-4f75-bc11-47e505dd2b4c","1","b0a54223627600eb18b549dd18cbf9627e4e8f31fca098f6fb4c7785bef750df","목표 1","운영 범위·권한·완료기준을 문서로 고정하고 goal_documents 에 정본으로 등록","AADS/aads-server","문서 파일 존재(docs/plans/20260922_OHVIS_DOC_GOVERNANCE_OPS_기획서.md); 등록 경로 app/routers/goals.py:~700-775 upsert goal_documents","AAG DB 스냅샷 3d2432db stale/not_proven/negative_assertion_allowed=false/coverage 0/0 -> 최신 충족·미구현 단정 불가 | 로컬 격리 rescan@520b5326 scanner v1.1(coverage 객체 없음): goals.py·canonical_documents.py->table:goal_documents edge, canonical_documents.py->table:project_document_heads edge","tests/unit/test_goal_document_versions.py","PASS","UNVERIFIED","미검증","P2","goal_documents 행 존재(DB 사실)","문서·등록 메커니즘은 있음. 이 문서 행이 goal_documents 에 있는지는 미조회(정본은 project_document_heads 로 이관됨)."
"P-G2","plan:7d9f483b5dba","6dfc2221-6219-4f75-bc11-47e505dd2b4c","1","b0a54223627600eb18b549dd18cbf9627e4e8f31fca098f6fb4c7785bef750df","목표 2","게이트 조치는 goal_documents change_summary 로 남긴다","AADS/aads-server","migrations/20260919_goal_document_versions.sql:11 change_summary; goals.py:745-771 쓰기","AAG DB 스냅샷 3d2432db stale/not_proven/negative_assertion_allowed=false/coverage 0/0 -> 최신 충족·미구현 단정 불가 | 로컬 격리 rescan@520b5326 scanner v1.1(coverage 객체 없음): goals.py·canonical_documents.py->table:goal_documents edge, canonical_documents.py->table:project_document_heads edge","tests/unit/test_goal_document_versions.py","PASS","MISMATCH","미검증","P2","-","컬럼·쓰기 경로는 있으나 게이트 조치를 기록하도록 강제·연결하는 코드는 없음(PARTIAL)."
"P-S1","plan:7d9f483b5dba","6dfc2221-6219-4f75-bc11-47e505dd2b4c","1","b0a54223627600eb18b549dd18cbf9627e4e8f31fca098f6fb4c7785bef750df","범위 1","정본 대장 무결성(document_key 충돌·중복 is_latest 방지)","AADS/aads-server","migrations/20260919_goal_document_versions.sql:109-111 uq_goal_documents_latest(goal_id,document_key) WHERE is_latest; goals.py:724-741 advisory lock + 이전 latest 강등","AAG DB 스냅샷 3d2432db stale/not_proven/negative_assertion_allowed=false/coverage 0/0 -> 최신 충족·미구현 단정 불가 | 로컬 격리 rescan@520b5326 scanner v1.1(coverage 객체 없음): goals.py·canonical_documents.py->table:goal_documents edge, canonical_documents.py->table:project_document_heads edge","tests/unit/test_goal_document_versions.py::test_migration_enforces_single_latest_pointer(문자열 검사)","SOURCE_GREP_ONLY","MISMATCH","미검증","P1","교차 goal key 충돌 탐지","같은 goal 내 중복은 차단. 서로 다른 goal_id 간 document_key 충돌(PRD OPS-1 대상)은 차단·탐지하는 제약·코드가 없다."
"P-S2","plan:7d9f483b5dba","6dfc2221-6219-4f75-bc11-47e505dd2b4c","1","b0a54223627600eb18b549dd18cbf9627e4e8f31fca098f6fb4c7785bef750df","범위 2","문서 표류 게이트(S4) 운영: 경고→차단 전환과 재발 방지","AADS/aads-server","scripts/hooks/pre-commit:510-529 doc_drift_check.py --paths(차단), scripts/doc_drift_check.py:275-297; 승격 커밋 b6378c16","AAG DB 스냅샷 3d2432db stale/not_proven/negative_assertion_allowed=false/coverage 0/0 -> 최신 충족·미구현 단정 불가 | AAG 범위 밖(shell/정책/프로세스/문서 사실) - 직접 소스 조사만","(doc_drift_check 직접 테스트 없음)","NO_TEST","MISMATCH","미검증","P2","표류 게이트 테스트 추가(별도 작업)","차단 모드는 일치. 재발 방지는 변경된 .md 만 검사(전체 스캔 아님), 시험 없음, ALLOW_DOC_DRIFT 우회 감사 없음."
"P-S3","plan:7d9f483b5dba","6dfc2221-6219-4f75-bc11-47e505dd2b4c","1","b0a54223627600eb18b549dd18cbf9627e4e8f31fca098f6fb4c7785bef750df","범위 3","Auto-RAG 색인 정책(S1-2) 예외 관리","AADS/aads-server","scripts/index_docs.py:98 app/static/reports, :169 EXTENSIONS={'.md','.html'}, :178/:303 html_to_text; PRD 20260914 S1-2:26","AAG DB 스냅샷 3d2432db stale/not_proven/negative_assertion_allowed=false/coverage 0/0 -> 최신 충족·미구현 단정 불가 | AAG 범위 밖(shell/정책/프로세스/문서 사실) - 직접 소스 조사만","tests/unit/test_doc_index_origin_mirror.py(html 경로 미커버)","PASS","MATCH","미검증","P2","-","코드·PRD 일치. .html 예외 전용 시험 없음. migrations/20260922_ohvis_doc_governance_work_items.sql dg3-1 의 'non-md 색인 차단' 과 정책 상충 가능."
"P-S4","plan:7d9f483b5dba","6dfc2221-6219-4f75-bc11-47e505dd2b4c","1","b0a54223627600eb18b549dd18cbf9627e4e8f31fca098f6fb4c7785bef750df","범위 4","CEO 승인 없이 결정 가능 범위(가역 백필·명백 오류 diff 반려)와 CEO 결정 범위(차단 승격 스위치·S1~S5 조항 변경) 구분","AADS/aads-server","코드 강제 없음(정책 서술); db_safe_write app/services/tool_registry.py:2729, propose_next_steps :3403","AAG DB 스냅샷 3d2432db stale/not_proven/negative_assertion_allowed=false/coverage 0/0 -> 최신 충족·미구현 단정 불가 | AAG 범위 밖(shell/정책/프로세스/문서 사실) - 직접 소스 조사만","(없음)","NO_TEST","UNVERIFIED","미검증","P2","거버넌스 운영","권한 분리는 운영 규범이며 코드로 증명되지 않음."
"P-T1","plan:7d9f483b5dba","6dfc2221-6219-4f75-bc11-47e505dd2b4c","1","b0a54223627600eb18b549dd18cbf9627e4e8f31fca098f6fb4c7785bef750df","오늘 처리 1","document_key 충돌 3건 백필(db_safe_write 6건, is_latest 중복 0행)","AADS/aads-server","재현 코드·마이그레이션 없음(과거 DB 작업 주장)","AAG DB 스냅샷 3d2432db stale/not_proven/negative_assertion_allowed=false/coverage 0/0 -> 최신 충족·미구현 단정 불가 | AAG 범위 밖(shell/정책/프로세스/문서 사실) - 직접 소스 조사만","(없음)","NO_TEST","UNVERIFIED","미검증","P2","-","과거 처리 주장. 현재 DB 의 is_latest 중복 0행은 이번에 조회하지 않음."
"P-T2","plan:7d9f483b5dba","6dfc2221-6219-4f75-bc11-47e505dd2b4c","1","b0a54223627600eb18b549dd18cbf9627e4e8f31fca098f6fb4c7785bef750df","오늘 처리 2","AADS git 발산(ahead1/behind3) 정리","AADS/aads-server","저장소 증거 없음(과거 git 작업)","AAG DB 스냅샷 3d2432db stale/not_proven/negative_assertion_allowed=false/coverage 0/0 -> 최신 충족·미구현 단정 불가 | AAG 범위 밖(shell/정책/프로세스/문서 사실) - 직접 소스 조사만","(없음)","NO_TEST","UNVERIFIED","미검증","P2","-","과거 처리 주장."
"P-T3","plan:7d9f483b5dba","6dfc2221-6219-4f75-bc11-47e505dd2b4c","1","b0a54223627600eb18b549dd18cbf9627e4e8f31fca098f6fb4c7785bef750df","오늘 처리 3","index_docs.py .html 삭제 시도 반려 및 PRD S1-2 예외 명시(eb7d16d5)","AADS/aads-server","git: eb7d16d5 commit 존재·HEAD 조상, PRD S1-2 한 줄 변경; 코드 index_docs.py:98,169","AAG DB 스냅샷 3d2432db stale/not_proven/negative_assertion_allowed=false/coverage 0/0 -> 최신 충족·미구현 단정 불가 | AAG 범위 밖(shell/정책/프로세스/문서 사실) - 직접 소스 조사만","(없음)","NO_TEST","MATCH","미검증","P2","-","커밋·예외는 일치. 반려 행위는 프로세스 사실로 미검증."
"P-T4","plan:7d9f483b5dba","6dfc2221-6219-4f75-bc11-47e505dd2b4c","1","b0a54223627600eb18b549dd18cbf9627e4e8f31fca098f6fb4c7785bef750df","오늘 처리 4","문서표류 27건 정정 + 게이트 승격 (runner-f4cfbf95, 진행중)","AADS/aads-server","git: b6378c16(DG2.1) 승격 커밋 존재·HEAD 조상; runner-f4cfbf95 를 언급한 커밋 없음","AAG DB 스냅샷 3d2432db stale/not_proven/negative_assertion_allowed=false/coverage 0/0 -> 최신 충족·미구현 단정 불가 | AAG 범위 밖(shell/정책/프로세스/문서 사실) - 직접 소스 조사만","(없음)","NO_TEST","MISMATCH","미검증","P2","문서 상태 갱신","승격은 완료됐으나 기획서는 '진행중'으로 남아 상태가 낡음. runner id 는 확인 못함."
"P-R1","plan:7d9f483b5dba","6dfc2221-6219-4f75-bc11-47e505dd2b4c","1","b0a54223627600eb18b549dd18cbf9627e4e8f31fca098f6fb4c7785bef750df","리스크 1","차단 승격 전 표류 0건 실측 부재 시 거짓 0건이 커밋을 막는 상태로 고정","AADS/aads-server","pre-commit:517-522 비정상 종료코드도 차단(fail-closed); 실측 선행 조건을 강제하는 코드 없음","AAG DB 스냅샷 3d2432db stale/not_proven/negative_assertion_allowed=false/coverage 0/0 -> 최신 충족·미구현 단정 불가 | AAG 범위 밖(shell/정책/프로세스/문서 사실) - 직접 소스 조사만","(없음)","NO_TEST","UNVERIFIED","미검증","P2","-","fail-closed 는 일치, 선행 실측은 프로세스 주장."
"P-R2","plan:7d9f483b5dba","6dfc2221-6219-4f75-bc11-47e505dd2b4c","1","b0a54223627600eb18b549dd18cbf9627e4e8f31fca098f6fb4c7785bef750df","리스크 2","이 문서를 goal_documents 에 등록하지 않으면 공백 재발","AADS/aads-server","등록 경로 goals.py:~700-775; 행 존재는 DB 사실","AAG DB 스냅샷 3d2432db stale/not_proven/negative_assertion_allowed=false/coverage 0/0 -> 최신 충족·미구현 단정 불가 | 로컬 격리 rescan@520b5326 scanner v1.1(coverage 객체 없음): goals.py·canonical_documents.py->table:goal_documents edge, canonical_documents.py->table:project_document_heads edge","tests/unit/test_goal_document_versions.py","PASS","UNVERIFIED","미검증","P2","DB 사실","등록 메커니즘만 확인."
"R-SCOPE1","prd:848c81d57565","686c817c-c69e-41d3-a89a-0cba301e447b","1","8cacc274a62a1108001211109139c32c13dbd1b57e4d09f594d344b011ab1d7f","담당 범위","기획서·PRD·설계서 대장의 정본 위치는 DB goal_documents","AADS/aads-server","migrations/20260919_goal_document_versions.sql; migrations/20260923_project_document_canonical.sql(후속 정본 project_document_heads/revisions/events, goal_documents 는 링크); app/api/canonical_documents.py","AAG DB 스냅샷 3d2432db stale/not_proven/negative_assertion_allowed=false/coverage 0/0 -> 최신 충족·미구현 단정 불가 | 로컬 격리 rescan@520b5326 scanner v1.1(coverage 객체 없음): goals.py·canonical_documents.py->table:goal_documents edge, canonical_documents.py->table:project_document_heads edge","tests/unit/test_canonical_documents.py","PASS","MISMATCH","미검증","P2","PRD 개정","현재 정본 대장은 project_document_* 이며 이 PRD 는 goal_documents 만 명시(낡음). 이 4문서 자체가 project_document_* 에 승인 등록됨."
"R-SCOPE2","prd:848c81d57565","686c817c-c69e-41d3-a89a-0cba301e447b","1","8cacc274a62a1108001211109139c32c13dbd1b57e4d09f594d344b011ab1d7f","담당 범위","문서 표류 게이트 = doc_drift_check.py + pre-commit","AADS/aads-server","scripts/doc_drift_check.py:275-297; scripts/hooks/pre-commit:510-529","AAG DB 스냅샷 3d2432db stale/not_proven/negative_assertion_allowed=false/coverage 0/0 -> 최신 충족·미구현 단정 불가 | AAG 범위 밖(shell/정책/프로세스/문서 사실) - 직접 소스 조사만","(없음)","NO_TEST","MATCH","미검증","P2","-","시험 없음."
"R-SCOPE3","prd:848c81d57565","686c817c-c69e-41d3-a89a-0cba301e447b","1","8cacc274a62a1108001211109139c32c13dbd1b57e4d09f594d344b011ab1d7f","담당 범위","Auto-RAG 색인 정책 = index_docs.py + 20260914 PRD S1-2","AADS/aads-server","scripts/index_docs.py:98,169,303; docs/prd/20260914_OHVIS_DOC_SYSTEM_PRD.md:26","AAG DB 스냅샷 3d2432db stale/not_proven/negative_assertion_allowed=false/coverage 0/0 -> 최신 충족·미구현 단정 불가 | AAG 범위 밖(shell/정책/프로세스/문서 사실) - 직접 소스 조사만","(없음)","NO_TEST","MATCH","미검증","P2","-",""
"R-OPS1","prd:848c81d57565","686c817c-c69e-41d3-a89a-0cba301e447b","1","8cacc274a62a1108001211109139c32c13dbd1b57e4d09f594d344b011ab1d7f","OPS-1","document_key 충돌(같은 키·다른 goal_id·둘 다 is_latest)은 발견 즉시 백필, 삭제 없이 재계산","AADS/aads-server","migrations/20260919_goal_document_versions.sql:20-27,:69-107 (goal_id,document_key) 분할 백필 1회성; 교차 goal 탐지·재백필 도구 없음","AAG DB 스냅샷 3d2432db stale/not_proven/negative_assertion_allowed=false/coverage 0/0 -> 최신 충족·미구현 단정 불가 | 로컬 격리 rescan@520b5326 scanner v1.1(coverage 객체 없음): goals.py·canonical_documents.py->table:goal_documents edge, canonical_documents.py->table:project_document_heads edge","tests/unit/test_goal_document_versions.py (교차 goal 시험 없음)","NO_TEST","MISMATCH","미검증","P1","교차 goal 충돌 탐지 도구(별도 작업)","'삭제하지 않음'은 일치, '발견 즉시 백필'을 수행하는 재실행 가능 코드 없음. 신규 정본 canonical_documents 는 UNIQUE(tenant,project,document_key)로 예방."
"R-OPS2","prd:848c81d57565","686c817c-c69e-41d3-a89a-0cba301e447b","1","8cacc274a62a1108001211109139c32c13dbd1b57e4d09f594d344b011ab1d7f","OPS-2","경고→차단 승격 전 전체 스캔 종료코드 0 실측","AADS/aads-server","scripts/doc_drift_check.py:296-297(표류 시 1); 실측 기록·강제 코드 없음","AAG DB 스냅샷 3d2432db stale/not_proven/negative_assertion_allowed=false/coverage 0/0 -> 최신 충족·미구현 단정 불가 | AAG 범위 밖(shell/정책/프로세스/문서 사실) - 직접 소스 조사만","(없음)","NO_TEST","UNVERIFIED","미검증","P2","-","프로세스 요구."
"R-OPS3","prd:848c81d57565","686c817c-c69e-41d3-a89a-0cba301e447b","1","8cacc274a62a1108001211109139c32c13dbd1b57e4d09f594d344b011ab1d7f","OPS-3","색인 확장자 예외 제거 diff 는 PRD 예외와 대조해 PRESERVATION 위반 먼저 판정","AADS/aads-server","예외는 코드·PRD 에 존재(index_docs.py:98,169,303); 판정 절차는 리뷰/PRESERVATION 게이트(저장소 코드 외)","AAG DB 스냅샷 3d2432db stale/not_proven/negative_assertion_allowed=false/coverage 0/0 -> 최신 충족·미구현 단정 불가 | AAG 범위 밖(shell/정책/프로세스/문서 사실) - 직접 소스 조사만","(없음)","NO_TEST","UNVERIFIED","미검증","P2","-","예외 자체는 MATCH, 판정 절차는 미검증."
"R-OPS4","prd:848c81d57565","686c817c-c69e-41d3-a89a-0cba301e447b","1","8cacc274a62a1108001211109139c32c13dbd1b57e4d09f594d344b011ab1d7f","OPS-4","게이트 조치는 이 PRD 를 부모로 goal_documents 에 change_summary 로 기록","AADS/aads-server","migrations/20260919_goal_document_versions.sql:11; goals.py:745-771; goal_documents 에 parent 컬럼 없음(supersedes_id 만)","AAG DB 스냅샷 3d2432db stale/not_proven/negative_assertion_allowed=false/coverage 0/0 -> 최신 충족·미구현 단정 불가 | 로컬 격리 rescan@520b5326 scanner v1.1(coverage 객체 없음): goals.py·canonical_documents.py->table:goal_documents edge, canonical_documents.py->table:project_document_heads edge","tests/unit/test_goal_document_versions.py","PASS","MISMATCH","미검증","P2","-","'이 PRD 를 부모로' 연결 수단이 없다."
"R-OPS5","prd:848c81d57565","686c817c-c69e-41d3-a89a-0cba301e447b","1","8cacc274a62a1108001211109139c32c13dbd1b57e4d09f594d344b011ab1d7f","OPS-5","차단 승격 최종 스위치는 CEO 승인 카드(propose_next_steps), 가역 조치는 즉시 처리","AADS/aads-server","app/services/tool_registry.py:3403 propose_next_steps(일반 도구); pre-commit 변경은 일반 커밋; ALLOW_DOC_DRIFT 무감사 우회","AAG DB 스냅샷 3d2432db stale/not_proven/negative_assertion_allowed=false/coverage 0/0 -> 최신 충족·미구현 단정 불가 | AAG 범위 밖(shell/정책/프로세스/문서 사실) - 직접 소스 조사만","(없음)","NO_TEST","UNVERIFIED","미검증","P2","-",""
"R-AC1","prd:848c81d57565","686c817c-c69e-41d3-a89a-0cba301e447b","1","8cacc274a62a1108001211109139c32c13dbd1b57e4d09f594d344b011ab1d7f","수용 기준 1","goal_documents 에 이 PRD·기획서가 정본으로 등록","AADS/aads-server","DB 사실(goal_documents 행 / project_document_heads 승인 revision 1)","AAG DB 스냅샷 3d2432db stale/not_proven/negative_assertion_allowed=false/coverage 0/0 -> 최신 충족·미구현 단정 불가 | 로컬 격리 rescan@520b5326 scanner v1.1(coverage 객체 없음): goals.py·canonical_documents.py->table:goal_documents edge, canonical_documents.py->table:project_document_heads edge","(없음)","NOT_RUN","UNVERIFIED","project_document_heads 에는 plan/prd 승인 revision 1 존재(읽기전용 SELECT). goal_documents 행은 미조회","P2","-","정본 위치가 project_document_* 로 이동했으므로 'goal_documents' 문구는 낡음."
"R-AC2","prd:848c81d57565","686c817c-c69e-41d3-a89a-0cba301e447b","1","8cacc274a62a1108001211109139c32c13dbd1b57e4d09f594d344b011ab1d7f","수용 기준 2","이후 게이트 조치 보고에 entry_key/문서 참조 포함","AADS/aads-server","entry_key 존재: app/services/tool_executor.py:1388, tool_registry.py:3329,3344; 게이트 보고 강제 없음","AAG DB 스냅샷 3d2432db stale/not_proven/negative_assertion_allowed=false/coverage 0/0 -> 최신 충족·미구현 단정 불가 | AAG 범위 밖(shell/정책/프로세스/문서 사실) - 직접 소스 조사만","(없음)","NO_TEST","UNVERIFIED","미검증","P2","-",""
"B-FR04H-1","prd:e677db2cb301","79944e05-9c4a-4bd8-9e31-a81a8d017299","1","ac94fa364775d6b18b356a1162339202d519cbcd861b729bbc7d567e20c0d62f","FR-04H","drain deadline 이 build 전에 시작된다","AADS/aads-server","deploy.sh:2798 TARGET_DRAIN_STARTED_EPOCH(build_release_image :2811 이전), :2802 audit, :2817-2819","AAG DB 스냅샷 3d2432db stale/not_proven/negative_assertion_allowed=false/coverage 0/0 -> 최신 충족·미구현 단정 불가 | AAG 범위 밖(shell/정책/프로세스/문서 사실) - 직접 소스 조사만","tests/unit/test_deploy_terminal_state_contract.py::test_inactive_target_drain_is_bounded_to_three_minutes_by_default","SOURCE_GREP_ONLY","MATCH","미검증(운영 배포 이력·deploy_phase_events 행·host retry unit 미조회)","P1","-","순서를 검증하는 시험 없음(문자열 존재만). shell 은 AAG 범위 밖."
"B-FR04H-2","prd:e677db2cb301","79944e05-9c4a-4bd8-9e31-a81a8d017299","1","ac94fa364775d6b18b356a1162339202d519cbcd861b729bbc7d567e20c0d62f","FR-04H","busy target 은 재생성하지 않는다","AADS/aads-server","deploy.sh:2826 gate(live>0 이고 ALLOW_BUSY_TARGET!=true 이면 대기 후 blocked), :2866 recreate","AAG DB 스냅샷 3d2432db stale/not_proven/negative_assertion_allowed=false/coverage 0/0 -> 최신 충족·미구현 단정 불가 | AAG 범위 밖(shell/정책/프로세스/문서 사실) - 직접 소스 조사만","(blocked 경로 시험 없음)","NO_TEST","MISMATCH","미검증(운영 배포 이력·deploy_phase_events 행·host retry unit 미조회)","P1","-","AADS_DEPLOY_ALLOW_BUSY_TARGET=true 가 busy slot 재생성을 허용(기본 false). 수용 기준과 비목표에 반하는 탈출구."
"B-FR04I-1","prd:e677db2cb301","79944e05-9c4a-4bd8-9e31-a81a8d017299","1","ac94fa364775d6b18b356a1162339202d519cbcd861b729bbc7d567e20c0d62f","FR-04I","pre-cutover 기본 대기 0초","AADS/aads-server","deploy.sh:2925 PRE_CUTOVER_DRAIN_MAX_WAIT 기본 0, :2950","AAG DB 스냅샷 3d2432db stale/not_proven/negative_assertion_allowed=false/coverage 0/0 -> 최신 충족·미구현 단정 불가 | AAG 범위 밖(shell/정책/프로세스/문서 사실) - 직접 소스 조사만","tests/unit/test_deploy_terminal_state_contract.py::test_pre_cutover_wait_does_not_serialize_busy_active_traffic_by_default","SOURCE_GREP_ONLY","MATCH","미검증(운영 배포 이력·deploy_phase_events 행·host retry unit 미조회)","P1","-",""
"B-FR04I-2","prd:e677db2cb301","79944e05-9c4a-4bd8-9e31-a81a8d017299","1","ac94fa364775d6b18b356a1162339202d519cbcd861b729bbc7d567e20c0d62f","FR-04I","lease 표본을 phase metadata 에 저장","AADS/aads-server","deploy.sh:2182 set_deploy_stream_phase_metadata, :1482-1497 deploy_phase_end INSERT metadata; migrations/150_deploy_observability_v1.sql:124-141; 조회 app/services/deploy_observability.py:736-750 은 e.metadata 미선택","AAG DB 스냅샷 3d2432db stale/not_proven/negative_assertion_allowed=false/coverage 0/0 -> 최신 충족·미구현 단정 불가 | AAG 범위 밖(shell/정책/프로세스/문서 사실) - 직접 소스 조사만","tests/unit/test_deploy_terminal_state_contract.py / tests/unit/test_deploy_observability.py(문자열 검사)","SOURCE_GREP_ONLY","MATCH","미검증(운영 배포 이력·deploy_phase_events 행·host retry unit 미조회)","P2","-","저장은 일치. JSON 형태 시험 없음. 조회 API 가 metadata 를 노출하지 않음(B-UF3 참조)."
"B-FR04J-1","prd:e677db2cb301","79944e05-9c4a-4bd8-9e31-a81a8d017299","1","ac94fa364775d6b18b356a1162339202d519cbcd861b729bbc7d567e20c0d62f","FR-04J","busy standby 는 즉시 보류","AADS/aads-server","deploy.sh:2394,:2430 기본 대기 0, :2457-2471 return 2, :3047-3054 skipped+STANDBY_SYNC_DEFERRED; :2403 flock -w 30","AAG DB 스냅샷 3d2432db stale/not_proven/negative_assertion_allowed=false/coverage 0/0 -> 최신 충족·미구현 단정 불가 | AAG 범위 밖(shell/정책/프로세스/문서 사실) - 직접 소스 조사만","tests/unit/test_deploy_terminal_state_contract.py::test_busy_standby_defers_immediately_to_post_monitor_retry_by_default, tests/unit/test_deploy_stream_reconcile.py::test_standby_drain_timeout_preserves_streams_but_blocks_certification","SOURCE_GREP_ONLY","MATCH","미검증(운영 배포 이력·deploy_phase_events 행·host retry unit 미조회)","P1","-","flock -w 30 때문에 '즉시'는 최대 30초 지연 가능(엄밀 불일치 아님으로 분류)."
"B-FR04J-2","prd:e677db2cb301","79944e05-9c4a-4bd8-9e31-a81a8d017299","1","ac94fa364775d6b18b356a1162339202d519cbcd861b729bbc7d567e20c0d62f","FR-04J","retry worker 가 flock 해제 후 재시도","AADS/aads-server","deploy.sh:2091 schedule_standby_sync_retry(systemd-run --no-block, 30초 x120회), :3053 호출; scripts/sync-standby.sh:97-98 flock -n, :193-198 busy 판정(/ops/active-streams executing_count)","AAG DB 스냅샷 3d2432db stale/not_proven/negative_assertion_allowed=false/coverage 0/0 -> 최신 충족·미구현 단정 불가 | AAG 범위 밖(shell/정책/프로세스/문서 사실) - 직접 소스 조사만","tests/unit/test_sync_standby_contract.py::test_partial_release_schedules_host_side_standby_retry","SOURCE_GREP_ONLY","MISMATCH","미검증(운영 배포 이력·deploy_phase_events 행·host retry unit 미조회)","P1","-","retry busy 판정이 deploy 게이트의 DB lease 분류기(unknown=live)와 다름, 약 1시간 후 포기 -> success_partial 잔존. host unit 실가동은 운영 사실로 미검증."
"B-FR04K-1","prd:e677db2cb301","79944e05-9c4a-4bd8-9e31-a81a8d017299","1","ac94fa364775d6b18b356a1162339202d519cbcd861b729bbc7d567e20c0d62f","FR-04K","same digest 확인 전 success/provenance 금지","AADS/aads-server","deploy.sh:2500-2505 digest 불일치 시 실패; 그러나 sync_standby_slot_after_drain 이 :2405,:2409,:2479 에서 digest 비교 없이 return 0 -> :3044 phase success -> FINAL success -> provenance :3347-3354","AAG DB 스냅샷 3d2432db stale/not_proven/negative_assertion_allowed=false/coverage 0/0 -> 최신 충족·미구현 단정 불가 | AAG 범위 밖(shell/정책/프로세스/문서 사실) - 직접 소스 조사만","tests/unit/test_deploy_stream_reconcile.py::test_standby_sync_failure_cannot_be_certified_as_partial_success, tests/unit/test_deploy_terminal_state_contract.py::test_uncertified_release_does_not_record_release_provenance, tests/unit/test_sync_standby_contract.py::test_sync_promotes_only_matching_partial_run (모두 문자열 검사; rc0 skipped 경로 시험 없음)","SOURCE_GREP_ONLY","MISMATCH","미검증(운영 배포 이력·deploy_phase_events 행·host retry unit 미조회)","P0","deploy.sh 수정(별도 작업, 승인 후 Runner 빌드 검증 대상)","lock busy/stale generation/ownership 변경 3개 경로가 skipped 인데 rc 0 을 반환해 digest 비교 없이 success 로 승격될 수 있다. 직접 소스 확인(sed 2396-2480, 3036-3062)."
"B-FR04L-1","prd:e677db2cb301","79944e05-9c4a-4bd8-9e31-a81a8d017299","1","ac94fa364775d6b18b356a1162339202d519cbcd861b729bbc7d567e20c0d62f","FR-04L","candidate/routed health 확인","AADS/aads-server","deploy.sh:2878 candidate_health 루프, :2908 Claude CLI>=2.1.280 확인, :2996-3002 routed health(Host 헤더)","AAG DB 스냅샷 3d2432db stale/not_proven/negative_assertion_allowed=false/coverage 0/0 -> 최신 충족·미구현 단정 불가 | AAG 범위 밖(shell/정책/프로세스/문서 사실) - 직접 소스 조사만","tests/unit/test_deploy_build_guards.py::test_candidate_claude_cli_version_is_checked_before_cutover(문자열 검사)","SOURCE_GREP_ONLY","MATCH","미검증(운영 배포 이력·deploy_phase_events 행·host retry unit 미조회)","P1","-","routed health 로직 직접 시험 없음."
"B-FR04L-2","prd:e677db2cb301","79944e05-9c4a-4bd8-9e31-a81a8d017299","1","ac94fa364775d6b18b356a1162339202d519cbcd861b729bbc7d567e20c0d62f","FR-04L","short lock","AADS/aads-server","deploy.sh:2958 acquire_nginx_switch_lock ~ :3025 release(routed health 직후, 주석 3022-3024)","AAG DB 스냅샷 3d2432db stale/not_proven/negative_assertion_allowed=false/coverage 0/0 -> 최신 충족·미구현 단정 불가 | AAG 범위 밖(shell/정책/프로세스/문서 사실) - 직접 소스 조사만","(락 길이 시험 없음; scripts/verify-bluegreen-release-contract.sh:24-25 존재 확인만)","NO_TEST","MATCH","미검증(운영 배포 이력·deploy_phase_events 행·host retry unit 미조회)","P2","-","락 구간에 sed·nginx -t·reload·rollback 포함. 길이는 미측정."
"B-FR04L-3","prd:e677db2cb301","79944e05-9c4a-4bd8-9e31-a81a8d017299","1","ac94fa364775d6b18b356a1162339202d519cbcd861b729bbc7d567e20c0d62f","FR-04L","rollback","AADS/aads-server","deploy.sh:2979-2983 nginx -t 실패 복원, :2988-2996 reload 실패 복원, ~:3010-3020 routed health 실패 복원","AAG DB 스냅샷 3d2432db stale/not_proven/negative_assertion_allowed=false/coverage 0/0 -> 최신 충족·미구현 단정 불가 | AAG 범위 밖(shell/정책/프로세스/문서 사실) - 직접 소스 조사만","(rollback 시험 없음)","NO_TEST","UNVERIFIED","미검증(운영 배포 이력·deploy_phase_events 행·host retry unit 미조회)","P1","-","코드 경로는 존재, 동작 시험·운영 사례 없음."
"B-FR04L-4","prd:e677db2cb301","79944e05-9c4a-4bd8-9e31-a81a8d017299","1","ac94fa364775d6b18b356a1162339202d519cbcd861b729bbc7d567e20c0d62f","FR-04L","DB lease 기반 stream 판정","AADS/aads-server","deploy.sh:2123 stream_count_for_port -> scripts/classify_deploy_streams.py --mode live-count(:103-106 unknown=live)","AAG DB 스냅샷 3d2432db stale/not_proven/negative_assertion_allowed=false/coverage 0/0 -> 최신 충족·미구현 단정 불가 | AAG 범위 밖(shell/정책/프로세스/문서 사실) - 직접 소스 조사만","tests/unit/test_deploy_stream_reconcile.py::test_unknown_remains_live_for_fail_closed_deploy_gate (실코드 실행)","PASS","MATCH","미검증(운영 배포 이력·deploy_phase_events 행·host retry unit 미조회)","P1","-",""
"B-FR04L-5","prd:e677db2cb301","79944e05-9c4a-4bd8-9e31-a81a8d017299","1","ac94fa364775d6b18b356a1162339202d519cbcd861b729bbc7d567e20c0d62f","FR-04L","300초 감시 유지","AADS/aads-server","deploy.sh:3236-3247 MONITOR_SECONDS·MONITOR_MIN_SECONDS 하한 300 clamp, :3262 루프","AAG DB 스냅샷 3d2432db stale/not_proven/negative_assertion_allowed=false/coverage 0/0 -> 최신 충족·미구현 단정 불가 | AAG 범위 밖(shell/정책/프로세스/문서 사실) - 직접 소스 조사만","tests/unit/test_deploy_stream_reconcile.py::test_deploy_script_uses_classifier_and_keeps_monitoring_contract(기본값 문자열만)","SOURCE_GREP_ONLY","MATCH","미검증(운영 배포 이력·deploy_phase_events 행·host retry unit 미조회)","P1","-","clamp 시험 없음."
"B-UF1","prd:e677db2cb301","79944e05-9c4a-4bd8-9e31-a81a8d017299","1","ac94fa364775d6b18b356a1162339202d519cbcd861b729bbc7d567e20c0d62f","사용자 흐름 1","정상 release: build 중 target drain, candidate health 후 수초 내 cutover","AADS/aads-server","FR-04H·04I·04L 의 합성; '수초' 는 운영 타이밍 주장","AAG DB 스냅샷 3d2432db stale/not_proven/negative_assertion_allowed=false/coverage 0/0 -> 최신 충족·미구현 단정 불가 | AAG 범위 밖(shell/정책/프로세스/문서 사실) - 직접 소스 조사만","(없음)","NO_TEST","UNVERIFIED","미검증(운영 배포 이력·deploy_phase_events 행·host retry unit 미조회)","P2","운영 실측","타이밍은 정적으로 증명 불가."
"B-UF2","prd:e677db2cb301","79944e05-9c4a-4bd8-9e31-a81a8d017299","1","ac94fa364775d6b18b356a1162339202d519cbcd861b729bbc7d567e20c0d62f","사용자 흐름 2","live stream 존재 시 nginx 기존 worker 가 응답 유지, old slot 교체 안 함","AADS/aads-server","deploy.sh:~2985 로그 문구, 기본 standby 보류(FR-04J)","AAG DB 스냅샷 3d2432db stale/not_proven/negative_assertion_allowed=false/coverage 0/0 -> 최신 충족·미구현 단정 불가 | AAG 범위 밖(shell/정책/프로세스/문서 사실) - 직접 소스 조사만","tests/unit/test_pipeline_runner_notify_contract.py::test_chat_interrupt_and_bluegreen_drain_contracts_remain_enabled(문자열 검사)","SOURCE_GREP_ONLY","UNVERIFIED","미검증(운영 배포 이력·deploy_phase_events 행·host retry unit 미조회)","P2","운영 시험","nginx worker 동작은 런타임 사실."
"B-UF3","prd:e677db2cb301","79944e05-9c4a-4bd8-9e31-a81a8d017299","1","ac94fa364775d6b18b356a1162339202d519cbcd861b729bbc7d567e20c0d62f","사용자 흐름 3","standby 보류 시 화면에 success_partial 과 stream 수가 보이고 retry 자동 실행","AADS/aads-server","app/services/deploy_observability.py:320-321,:340-341 success_partial 표시; stream 수는 deploy_phase_events.metadata 에만 있고 :736-750 조회가 e.metadata 를 선택하지 않음; error_summary 에 숫자 없음(deploy.sh:3052,3313)","AAG DB 스냅샷 3d2432db stale/not_proven/negative_assertion_allowed=false/coverage 0/0 -> 최신 충족·미구현 단정 불가 | AAG 범위 밖(shell/정책/프로세스/문서 사실) - 직접 소스 조사만","tests/unit/test_deploy_observability.py::test_success_partial_is_visible_as_automatic_standby_recovery","PASS","MISMATCH","미검증(운영 배포 이력·deploy_phase_events 행·host retry unit 미조회)","P2","대시보드(별도 저장소) 확인","aads-server API 에는 stream 수 필드가 없음. 대시보드 직접 DB 조회 여부는 이번 범위 밖 -> 대시보드 범위 미검증."
"B-UF4","prd:e677db2cb301","79944e05-9c4a-4bd8-9e31-a81a8d017299","1","ac94fa364775d6b18b356a1162339202d519cbcd861b729bbc7d567e20c0d62f","사용자 흐름 4","양 슬롯 digest 와 5분 감시가 모두 통과해야 completed success","AADS/aads-server","deploy.sh:3234-3303 감시 후 최종 상태, :3312 deferred -> success_partial; 양 슬롯 digest 는 sync 성공 경로에서만 강제(B-FR04K-1 결함 경로 존재)","AAG DB 스냅샷 3d2432db stale/not_proven/negative_assertion_allowed=false/coverage 0/0 -> 최신 충족·미구현 단정 불가 | AAG 범위 밖(shell/정책/프로세스/문서 사실) - 직접 소스 조사만","tests/unit/test_deploy_stream_reconcile.py / tests/unit/test_deploy_terminal_state_contract.py","SOURCE_GREP_ONLY","MISMATCH","미검증(운영 배포 이력·deploy_phase_events 행·host retry unit 미조회)","P0","B-FR04K-1 수정","FR-04K-1 의 skipped 경로 때문에 digest 미확인 success 가 가능. 재시도 certify 는 5분 감시를 다시 돌리지 않음(PRD 에 명시 없음)."
"B-NG1","prd:e677db2cb301","79944e05-9c4a-4bd8-9e31-a81a8d017299","1","ac94fa364775d6b18b356a1162339202d519cbcd861b729bbc7d567e20c0d62f","비목표 1","active API 직접 restart 안 함","AADS/aads-server","deploy.sh:2526-2531 legacy code|reload|build 를 bluegreen 으로 리다이렉트(ALLOW_LEGACY_RESTART=true 면 예외), :2749-2752 legacy compose up --build --no-deps","AAG DB 스냅샷 3d2432db stale/not_proven/negative_assertion_allowed=false/coverage 0/0 -> 최신 충족·미구현 단정 불가 | AAG 범위 밖(shell/정책/프로세스/문서 사실) - 직접 소스 조사만","(없음)","NO_TEST","MISMATCH","미검증(운영 배포 이력·deploy_phase_events 행·host retry unit 미조회)","P2","-","기본은 차단, 탈출구(env)와 legacy 코드 본문이 남음."
"B-NG2","prd:e677db2cb301","79944e05-9c4a-4bd8-9e31-a81a8d017299","1","ac94fa364775d6b18b356a1162339202d519cbcd861b729bbc7d567e20c0d62f","비목표 2","full compose deploy 안 함","AADS/aads-server","deploy.sh:2489,:2491,:2866 --no-deps --force-recreate, :2556 up -d --no-deps; legacy :2752 --build","AAG DB 스냅샷 3d2432db stale/not_proven/negative_assertion_allowed=false/coverage 0/0 -> 최신 충족·미구현 단정 불가 | AAG 범위 밖(shell/정책/프로세스/문서 사실) - 직접 소스 조사만","tests/unit/test_execution_lease_contract.py::test_bluegreen_deploy_builds_once_and_starts_without_build(문자열 검사)","SOURCE_GREP_ONLY","MATCH","미검증(운영 배포 이력·deploy_phase_events 행·host retry unit 미조회)","P2","-",""
"B-NG3","prd:e677db2cb301","79944e05-9c4a-4bd8-9e31-a81a8d017299","1","ac94fa364775d6b18b356a1162339202d519cbcd861b729bbc7d567e20c0d62f","비목표 3","busy slot 강제 종료 안 함","AADS/aads-server","deploy.sh:2826/2846 ALLOW_BUSY_TARGET 우회; 기본은 blocked/deferred","AAG DB 스냅샷 3d2432db stale/not_proven/negative_assertion_allowed=false/coverage 0/0 -> 최신 충족·미구현 단정 불가 | AAG 범위 밖(shell/정책/프로세스/문서 사실) - 직접 소스 조사만","(없음)","NO_TEST","MISMATCH","미검증(운영 배포 이력·deploy_phase_events 행·host retry unit 미조회)","P2","-","B-FR04H-2 와 동일 탈출구."
"B-NG4","prd:e677db2cb301","79944e05-9c4a-4bd8-9e31-a81a8d017299","1","ac94fa364775d6b18b356a1162339202d519cbcd861b729bbc7d567e20c0d62f","비목표 4","감시 단축 안 함","AADS/aads-server","deploy.sh:3240-3247 clamp(>=300)","AAG DB 스냅샷 3d2432db stale/not_proven/negative_assertion_allowed=false/coverage 0/0 -> 최신 충족·미구현 단정 불가 | AAG 범위 밖(shell/정책/프로세스/문서 사실) - 직접 소스 조사만","(없음)","NO_TEST","MATCH","미검증(운영 배포 이력·deploy_phase_events 행·host retry unit 미조회)","P2","-","환경변수로도 단축 불가(코드 확인)."
"B-NG5","prd:e677db2cb301","79944e05-9c4a-4bd8-9e31-a81a8d017299","1","ac94fa364775d6b18b356a1162339202d519cbcd861b729bbc7d567e20c0d62f","비목표 5","unknown lease 강제 정리 안 함","AADS/aads-server","deploy.sh:2230 AADS_DEPLOY_STALE_STREAM_APPLY 기본 false; scripts/classify_deploy_streams.py:185 apply_reconcile 는 --apply 에서만, unknown 은 live 로 집계","AAG DB 스냅샷 3d2432db stale/not_proven/negative_assertion_allowed=false/coverage 0/0 -> 최신 충족·미구현 단정 불가 | AAG 범위 밖(shell/정책/프로세스/문서 사실) - 직접 소스 조사만","tests/unit/test_deploy_stream_reconcile.py::test_unknown_remains_live_for_fail_closed_deploy_gate (실코드 실행)","PASS","MATCH","미검증(운영 배포 이력·deploy_phase_events 행·host retry unit 미조회)","P1","-",""
